体号,类型,Hole_ID,品位_g_t,单元面积_m2
1,3.000-999.000,BS-3940-0915-P35,3.11,32.3
2,1.500-3.000,BS-3940-0915-P10,1.74,20.4
2,1.500-3.000,BS-3940-0915-P11,1.75,17.7
2,1.500-3.000,BS-3940-0915-P12,1.84,14.8
2,1.500-3.000,BS-3940-0915-P22,1.97,18.6
3,1.500-3.000,BS-3940-0915-P15,1.55,24.4
4,1.500-3.000,BS-3940-0915-P1,2.23,31.2
4,1.500-3.000,BS-3940-0915-P2,1.61,31.2
4,1.500-3.000,BS-3940-0915-P4,1.74,26.7
4,1.500-3.000,BS-3940-0915-P5,1.5,25.3
4,1.500-3.000,BS-3940-0915-P28,2.13,23.9
4,1.500-3.000,BS-3940-0915-P31,1.55,25.3
4,1.500-3.000,BS-3940-0915-P32,1.58,27.7
4,1.500-3.000,BS-3940-0915-P34,1.87,34.3
4,1.500-3.000,BS-3940-0915-P47,1.63,40.2
5,1.500-3.000,BS-3940-0915-P24,1.5,28.6
5,1.500-3.000,BS-3940-0915-P25,1.57,26.0
5,1.500-3.000,BS-3940-0915-P26,1.57,30.2
6,1.500-3.000,BS-3940-0915-P36,1.98,27.4
6,1.500-3.000,BS-3940-0915-P37,1.5,27.6
6,1.500-3.000,BS-3940-0915-P44,1.82,38.2
7,1.000-1.500,BS-3940-0915-P3,1.42,20.3
7,1.000-1.500,BS-3940-0915-P6,1.39,22.1
7,1.000-1.500,BS-3940-0915-P7,1.21,25.6
7,1.000-1.500,BS-3940-0915-P8,1.4,20.1
7,1.000-1.500,BS-3940-0915-P9,1.21,18.2
7,1.000-1.500,BS-3940-0915-P23,1.4,19.6
7,1.000-1.500,BS-3940-0915-P27,1.23,29.2
7,1.000-1.500,BS-3940-0915-P29,1.3,28.9
7,1.000-1.500,BS-3940-0915-P30,1.49,28.9
7,1.000-1.500,BS-3940-0915-P33,1.39,27.4
7,1.000-1.500,BS-3940-0915-P38,1.04,31.0
8,1.000-1.500,BS-3940-0915-P13,1.47,23.2
8,1.000-1.500,BS-3940-0915-P14,1.06,31.1
8,1.000-1.500,BS-3940-0915-P16,1.37,24.9
8,1.000-1.500,BS-3940-0915-P17,1.25,32.4
8,1.000-1.500,BS-3940-0915-P18,1.13,17.8
8,1.000-1.500,BS-3940-0915-P19,1.16,26.3
8,1.000-1.500,BS-3940-0915-P20,1.26,32.5
8,1.000-1.500,BS-3940-0915-P40,1.3,36.3
8,1.000-1.500,BS-3940-0915-P41,1.03,34.1
8,1.000-1.500,BS-3940-0915-P42,1.09,37.8
8,1.000-1.500,BS-3940-0915-P43,1.28,39.3
9,1.000-1.500,BS-3940-0915-P45,1.11,32.6
9,1.000-1.500,BS-3940-0915-P46,1.33,35.3
10,0.500-1.000,BS-3940-0915-P39,0.61,38.5
