类型,体号,体积,重量（t）,平均品位(Au),金属量（百克）
3.000-999.000,1.0,323.0,872.0,3.11,27.12
小计,,323.0,872.0,3.11,27.12
1.500-3.000,2.0,715.6,1932.0,1.823,35.22
1.500-3.000,3.0,244.1,659.1,1.55,10.22
1.500-3.000,4.0,2657.0,7173.9,1.76,126.25
1.500-3.000,5.0,847.7,2288.7,1.546,35.39
1.500-3.000,6.0,932.4,2517.4,1.772,44.62
小计,,5396.8,14571.1,1.727,251.7
1.000-1.500,7.0,2712.3,7323.3,1.308,95.82
1.000-1.500,8.0,3357.3,9064.7,1.213,109.92
1.000-1.500,9.0,679.0,1833.2,1.224,22.44
小计,,6748.6,18221.2,1.252,228.18
0.500-1.000,10.0,385.0,1039.5,0.61,6.34
小计,,385.0,1039.5,0.61,6.34
合计,,12853.4,34703.8,1.479,513.34
