Hole_ID,Blast_ID,Bench_ID,X,Y,Z,Depth_m,Azimuth,Dip,From_m,To_m,Length_m,Au_g_t,Rock_Type,QC_Type
BL2026-015-001,BL-2026-015,1220,44980.0,32070.0,1220.0,6.0,0.0,-90.0,0.0,2.0,2.0,0.1174,WASTE,0
BL2026-015-001,BL-2026-015,1220,44980.0,32070.0,1220.0,6.0,0.0,-90.0,2.0,4.0,2.0,0.106,WASTE,0
BL2026-015-001,BL-2026-015,1220,44980.0,32070.0,1220.0,6.0,0.0,-90.0,4.0,6.0,2.0,0.0762,WASTE,0
BL2026-015-002,BL-2026-015,1220,44980.0,32076.0,1220.0,6.0,0.0,-90.0,0.0,2.0,2.0,0.1037,WASTE,0
BL2026-015-002,BL-2026-015,1220,44980.0,32076.0,1220.0,6.0,0.0,-90.0,2.0,4.0,2.0,0.1366,WASTE,0
BL2026-015-002,BL-2026-015,1220,44980.0,32076.0,1220.0,6.0,0.0,-90.0,4.0,6.0,2.0,0.1402,WASTE,0
BL2026-015-003,BL-2026-015,1220,44980.0,32082.0,1220.0,6.0,0.0,-90.0,0.0,2.0,2.0,0.1457,WASTE,0
BL2026-015-003,BL-2026-015,1220,44980.0,32082.0,1220.0,6.0,0.0,-90.0,2.0,4.0,2.0,0.1653,WASTE,0
BL2026-015-003,BL-2026-015,1220,44980.0,32082.0,1220.0,6.0,0.0,-90.0,4.0,6.0,2.0,0.2288,WASTE,0
BL2026-015-004,BL-2026-015,1220,44980.0,32088.0,1220.0,6.0,0.0,-90.0,0.0,2.0,2.0,0.0675,WASTE,0
BL2026-015-004,BL-2026-015,1220,44980.0,32088.0,1220.0,6.0,0.0,-90.0,2.0,4.0,2.0,0.1116,WASTE,0
BL2026-015-004,BL-2026-015,1220,44980.0,32088.0,1220.0,6.0,0.0,-90.0,4.0,6.0,2.0,0.0647,WASTE,0
BL2026-015-005,BL-2026-015,1220,44980.0,32094.0,1220.0,6.0,0.0,-90.0,0.0,2.0,2.0,0.2022,WASTE,0
BL2026-015-005,BL-2026-015,1220,44980.0,32094.0,1220.0,6.0,0.0,-90.0,2.0,4.0,2.0,0.2091,WASTE,0
BL2026-015-005,BL-2026-015,1220,44980.0,32094.0,1220.0,6.0,0.0,-90.0,4.0,6.0,2.0,0.1984,WASTE,0
BL2026-015-006,BL-2026-015,1220,44980.0,32100.0,1220.0,6.0,0.0,-90.0,0.0,2.0,2.0,0.1365,WASTE,0
BL2026-015-006,BL-2026-015,1220,44980.0,32100.0,1220.0,6.0,0.0,-90.0,2.0,4.0,2.0,0.0874,WASTE,0
BL2026-015-006,BL-2026-015,1220,44980.0,32100.0,1220.0,6.0,0.0,-90.0,4.0,6.0,2.0,0.1321,WASTE,0
BL2026-015-007,BL-2026-015,1220,44980.0,32106.0,1220.0,6.0,0.0,-90.0,0.0,2.0,2.0,0.05,WASTE,0
BL2026-015-007,BL-2026-015,1220,44980.0,32106.0,1220.0,6.0,0.0,-90.0,2.0,4.0,2.0,0.1026,WASTE,0
BL2026-015-007,BL-2026-015,1220,44980.0,32106.0,1220.0,6.0,0.0,-90.0,4.0,6.0,2.0,0.1094,WASTE,0
BL2026-015-008,BL-2026-015,1220,44980.0,32112.0,1220.0,6.0,0.0,-90.0,0.0,2.0,2.0,0.2082,WASTE,0
BL2026-015-008,BL-2026-015,1220,44980.0,32112.0,1220.0,6.0,0.0,-90.0,2.0,4.0,2.0,0.2012,WASTE,0
BL2026-015-008,BL-2026-015,1220,44980.0,32112.0,1220.0,6.0,0.0,-90.0,4.0,6.0,2.0,0.1148,WASTE,0
BL2026-015-009,BL-2026-015,1220,44980.0,32118.0,1220.0,6.0,0.0,-90.0,0.0,2.0,2.0,0.2022,WASTE,0
BL2026-015-009,BL-2026-015,1220,44980.0,32118.0,1220.0,6.0,0.0,-90.0,2.0,4.0,2.0,0.1935,WASTE,0
BL2026-015-009,BL-2026-015,1220,44980.0,32118.0,1220.0,6.0,0.0,-90.0,4.0,6.0,2.0,0.2046,WASTE,0
BL2026-015-010,BL-2026-015,1220,44980.0,32124.0,1220.0,6.0,0.0,-90.0,0.0,2.0,2.0,0.1103,WASTE,0
BL2026-015-010,BL-2026-015,1220,44980.0,32124.0,1220.0,6.0,0.0,-90.0,2.0,4.0,2.0,0.1504,WASTE,0
BL2026-015-010,BL-2026-015,1220,44980.0,32124.0,1220.0,6.0,0.0,-90.0,4.0,6.0,2.0,0.1776,WASTE,0
BL2026-015-011,BL-2026-015,1220,44980.0,32130.0,1220.0,6.0,0.0,-90.0,0.0,2.0,2.0,0.1943,WASTE,0
BL2026-015-011,BL-2026-015,1220,44980.0,32130.0,1220.0,6.0,0.0,-90.0,2.0,4.0,2.0,0.2877,WASTE,0
BL2026-015-011,BL-2026-015,1220,44980.0,32130.0,1220.0,6.0,0.0,-90.0,4.0,6.0,2.0,0.2123,WASTE,0
BL2026-015-012,BL-2026-015,1220,44980.0,32136.0,1220.0,6.0,0.0,-90.0,0.0,2.0,2.0,0.127,WASTE,0
BL2026-015-012,BL-2026-015,1220,44980.0,32136.0,1220.0,6.0,0.0,-90.0,2.0,4.0,2.0,0.0489,WASTE,0
BL2026-015-012,BL-2026-015,1220,44980.0,32136.0,1220.0,6.0,0.0,-90.0,4.0,6.0,2.0,0.2051,WASTE,0
BL2026-015-013,BL-2026-015,1220,44980.0,32142.0,1220.0,6.0,0.0,-90.0,0.0,2.0,2.0,0.1939,WASTE,0
BL2026-015-013,BL-2026-015,1220,44980.0,32142.0,1220.0,6.0,0.0,-90.0,2.0,4.0,2.0,0.1397,WASTE,0
BL2026-015-013,BL-2026-015,1220,44980.0,32142.0,1220.0,6.0,0.0,-90.0,4.0,6.0,2.0,0.1645,WASTE,0
BL2026-015-014,BL-2026-015,1220,44980.0,32148.0,1220.0,6.0,0.0,-90.0,0.0,2.0,2.0,0.2111,WASTE,0
BL2026-015-014,BL-2026-015,1220,44980.0,32148.0,1220.0,6.0,0.0,-90.0,2.0,4.0,2.0,0.2351,WASTE,0
BL2026-015-014,BL-2026-015,1220,44980.0,32148.0,1220.0,6.0,0.0,-90.0,4.0,6.0,2.0,0.1462,WASTE,0
BL2026-015-015,BL-2026-015,1220,44980.0,32154.0,1220.0,6.0,0.0,-90.0,0.0,2.0,2.0,0.1218,WASTE,0
BL2026-015-015,BL-2026-015,1220,44980.0,32154.0,1220.0,6.0,0.0,-90.0,2.0,4.0,2.0,0.1979,WASTE,0
BL2026-015-015,BL-2026-015,1220,44980.0,32154.0,1220.0,6.0,0.0,-90.0,4.0,6.0,2.0,0.1372,WASTE,0
BL2026-015-016,BL-2026-015,1220,44980.0,32160.0,1220.0,6.0,0.0,-90.0,0.0,2.0,2.0,0.268,WASTE,0
BL2026-015-016,BL-2026-015,1220,44980.0,32160.0,1220.0,6.0,0.0,-90.0,2.0,4.0,2.0,0.2924,WASTE,0
BL2026-015-016,BL-2026-015,1220,44980.0,32160.0,1220.0,6.0,0.0,-90.0,4.0,6.0,2.0,0.2708,WASTE,0
BL2026-015-017,BL-2026-015,1220,44980.0,32166.0,1220.0,6.0,0.0,-90.0,0.0,2.0,2.0,0.1531,WASTE,0
BL2026-015-017,BL-2026-015,1220,44980.0,32166.0,1220.0,6.0,0.0,-90.0,2.0,4.0,2.0,0.1745,WASTE,0
BL2026-015-017,BL-2026-015,1220,44980.0,32166.0,1220.0,6.0,0.0,-90.0,4.0,6.0,2.0,0.2302,WASTE,0
BL2026-015-018,BL-2026-015,1220,44986.0,32070.0,1220.0,6.0,0.0,-90.0,0.0,2.0,2.0,0.2313,WASTE,0
BL2026-015-018,BL-2026-015,1220,44986.0,32070.0,1220.0,6.0,0.0,-90.0,2.0,4.0,2.0,0.229,WASTE,0
BL2026-015-018,BL-2026-015,1220,44986.0,32070.0,1220.0,6.0,0.0,-90.0,4.0,6.0,2.0,0.1553,WASTE,0
BL2026-015-019,BL-2026-015,1220,44986.0,32076.0,1220.0,6.0,0.0,-90.0,0.0,2.0,2.0,0.0706,WASTE,0
BL2026-015-019,BL-2026-015,1220,44986.0,32076.0,1220.0,6.0,0.0,-90.0,2.0,4.0,2.0,0.0298,WASTE,0
BL2026-015-019,BL-2026-015,1220,44986.0,32076.0,1220.0,6.0,0.0,-90.0,4.0,6.0,2.0,0.1068,WASTE,0
BL2026-015-020,BL-2026-015,1220,44986.0,32082.0,1220.0,6.0,0.0,-90.0,0.0,2.0,2.0,0.3152,WASTE,0
BL2026-015-020,BL-2026-015,1220,44986.0,32082.0,1220.0,6.0,0.0,-90.0,2.0,4.0,2.0,0.2658,WASTE,0
BL2026-015-020,BL-2026-015,1220,44986.0,32082.0,1220.0,6.0,0.0,-90.0,4.0,6.0,2.0,0.2345,WASTE,0
BL2026-015-021,BL-2026-015,1220,44986.0,32088.0,1220.0,6.0,0.0,-90.0,0.0,2.0,2.0,0.1475,WASTE,0
BL2026-015-021,BL-2026-015,1220,44986.0,32088.0,1220.0,6.0,0.0,-90.0,2.0,4.0,2.0,0.2166,WASTE,0
BL2026-015-021,BL-2026-015,1220,44986.0,32088.0,1220.0,6.0,0.0,-90.0,4.0,6.0,2.0,0.2776,WASTE,0
BL2026-015-022,BL-2026-015,1220,44986.0,32094.0,1220.0,6.0,0.0,-90.0,0.0,2.0,2.0,0.129,WASTE,0
BL2026-015-022,BL-2026-015,1220,44986.0,32094.0,1220.0,6.0,0.0,-90.0,2.0,4.0,2.0,0.0451,WASTE,0
BL2026-015-022,BL-2026-015,1220,44986.0,32094.0,1220.0,6.0,0.0,-90.0,4.0,6.0,2.0,0.1253,WASTE,0
BL2026-015-023,BL-2026-015,1220,44986.0,32100.0,1220.0,6.0,0.0,-90.0,0.0,2.0,2.0,0.1686,WASTE,0
BL2026-015-023,BL-2026-015,1220,44986.0,32100.0,1220.0,6.0,0.0,-90.0,2.0,4.0,2.0,0.1399,WASTE,0
BL2026-015-023,BL-2026-015,1220,44986.0,32100.0,1220.0,6.0,0.0,-90.0,4.0,6.0,2.0,0.1172,WASTE,0
BL2026-015-024,BL-2026-015,1220,44986.0,32106.0,1220.0,6.0,0.0,-90.0,0.0,2.0,2.0,0.1813,WASTE,0
BL2026-015-024,BL-2026-015,1220,44986.0,32106.0,1220.0,6.0,0.0,-90.0,2.0,4.0,2.0,0.24,WASTE,0
BL2026-015-024,BL-2026-015,1220,44986.0,32106.0,1220.0,6.0,0.0,-90.0,4.0,6.0,2.0,0.2171,WASTE,0
BL2026-015-025,BL-2026-015,1220,44986.0,32112.0,1220.0,6.0,0.0,-90.0,0.0,2.0,2.0,0.0694,WASTE,0
BL2026-015-025,BL-2026-015,1220,44986.0,32112.0,1220.0,6.0,0.0,-90.0,2.0,4.0,2.0,0.0871,WASTE,0
BL2026-015-025,BL-2026-015,1220,44986.0,32112.0,1220.0,6.0,0.0,-90.0,4.0,6.0,2.0,0.106,WASTE,0
BL2026-015-026,BL-2026-015,1220,44986.0,32118.0,1220.0,6.0,0.0,-90.0,0.0,2.0,2.0,0.0527,WASTE,0
BL2026-015-026,BL-2026-015,1220,44986.0,32118.0,1220.0,6.0,0.0,-90.0,2.0,4.0,2.0,0.1163,WASTE,0
BL2026-015-026,BL-2026-015,1220,44986.0,32118.0,1220.0,6.0,0.0,-90.0,4.0,6.0,2.0,0.0642,WASTE,0
BL2026-015-027,BL-2026-015,1220,44986.0,32124.0,1220.0,6.0,0.0,-90.0,0.0,2.0,2.0,0.0773,WASTE,0
BL2026-015-027,BL-2026-015,1220,44986.0,32124.0,1220.0,6.0,0.0,-90.0,2.0,4.0,2.0,0.1211,WASTE,0
BL2026-015-027,BL-2026-015,1220,44986.0,32124.0,1220.0,6.0,0.0,-90.0,4.0,6.0,2.0,0.1565,WASTE,0
BL2026-015-028,BL-2026-015,1220,44986.0,32130.0,1220.0,6.0,0.0,-90.0,0.0,2.0,2.0,0.073,WASTE,0
BL2026-015-028,BL-2026-015,1220,44986.0,32130.0,1220.0,6.0,0.0,-90.0,2.0,4.0,2.0,0.0917,WASTE,0
BL2026-015-028,BL-2026-015,1220,44986.0,32130.0,1220.0,6.0,0.0,-90.0,4.0,6.0,2.0,0.1572,WASTE,0
BL2026-015-029,BL-2026-015,1220,44986.0,32136.0,1220.0,6.0,0.0,-90.0,0.0,2.0,2.0,0.1304,WASTE,0
BL2026-015-029,BL-2026-015,1220,44986.0,32136.0,1220.0,6.0,0.0,-90.0,2.0,4.0,2.0,0.2247,WASTE,0
BL2026-015-029,BL-2026-015,1220,44986.0,32136.0,1220.0,6.0,0.0,-90.0,4.0,6.0,2.0,0.1823,WASTE,0
BL2026-015-030,BL-2026-015,1220,44986.0,32142.0,1220.0,6.0,0.0,-90.0,0.0,2.0,2.0,0.1754,WASTE,0
BL2026-015-030,BL-2026-015,1220,44986.0,32142.0,1220.0,6.0,0.0,-90.0,2.0,4.0,2.0,0.1272,WASTE,0
BL2026-015-030,BL-2026-015,1220,44986.0,32142.0,1220.0,6.0,0.0,-90.0,4.0,6.0,2.0,0.0752,WASTE,0
BL2026-015-031,BL-2026-015,1220,44986.0,32148.0,1220.0,6.0,0.0,-90.0,0.0,2.0,2.0,0.2028,WASTE,0
BL2026-015-031,BL-2026-015,1220,44986.0,32148.0,1220.0,6.0,0.0,-90.0,2.0,4.0,2.0,0.1335,WASTE,0
BL2026-015-031,BL-2026-015,1220,44986.0,32148.0,1220.0,6.0,0.0,-90.0,4.0,6.0,2.0,0.0804,WASTE,0
BL2026-015-032,BL-2026-015,1220,44986.0,32154.0,1220.0,6.0,0.0,-90.0,0.0,2.0,2.0,0.063,WASTE,0
BL2026-015-032,BL-2026-015,1220,44986.0,32154.0,1220.0,6.0,0.0,-90.0,2.0,4.0,2.0,0.1989,WASTE,0
BL2026-015-032,BL-2026-015,1220,44986.0,32154.0,1220.0,6.0,0.0,-90.0,4.0,6.0,2.0,0.1361,WASTE,0
BL2026-015-033,BL-2026-015,1220,44986.0,32160.0,1220.0,6.0,0.0,-90.0,0.0,2.0,2.0,0.2303,WASTE,0
BL2026-015-033,BL-2026-015,1220,44986.0,32160.0,1220.0,6.0,0.0,-90.0,2.0,4.0,2.0,0.1259,WASTE,0
BL2026-015-033,BL-2026-015,1220,44986.0,32160.0,1220.0,6.0,0.0,-90.0,4.0,6.0,2.0,0.0517,WASTE,0
BL2026-015-034,BL-2026-015,1220,44986.0,32166.0,1220.0,6.0,0.0,-90.0,0.0,2.0,2.0,0.1906,WASTE,0
BL2026-015-034,BL-2026-015,1220,44986.0,32166.0,1220.0,6.0,0.0,-90.0,2.0,4.0,2.0,0.1984,WASTE,0
BL2026-015-034,BL-2026-015,1220,44986.0,32166.0,1220.0,6.0,0.0,-90.0,4.0,6.0,2.0,0.2238,WASTE,0
BL2026-015-035,BL-2026-015,1220,44992.0,32070.0,1220.0,6.0,0.0,-90.0,0.0,2.0,2.0,0.1117,WASTE,0
BL2026-015-035,BL-2026-015,1220,44992.0,32070.0,1220.0,6.0,0.0,-90.0,2.0,4.0,2.0,0.1123,WASTE,0
BL2026-015-035,BL-2026-015,1220,44992.0,32070.0,1220.0,6.0,0.0,-90.0,4.0,6.0,2.0,0.0967,WASTE,0
BL2026-015-036,BL-2026-015,1220,44992.0,32076.0,1220.0,6.0,0.0,-90.0,0.0,2.0,2.0,0.2518,WASTE,0
BL2026-015-036,BL-2026-015,1220,44992.0,32076.0,1220.0,6.0,0.0,-90.0,2.0,4.0,2.0,0.1712,WASTE,0
BL2026-015-036,BL-2026-015,1220,44992.0,32076.0,1220.0,6.0,0.0,-90.0,4.0,6.0,2.0,0.2037,WASTE,0
BL2026-015-037,BL-2026-015,1220,44992.0,32082.0,1220.0,6.0,0.0,-90.0,0.0,2.0,2.0,0.1919,WASTE,0
BL2026-015-037,BL-2026-015,1220,44992.0,32082.0,1220.0,6.0,0.0,-90.0,2.0,4.0,2.0,0.1882,WASTE,0
BL2026-015-037,BL-2026-015,1220,44992.0,32082.0,1220.0,6.0,0.0,-90.0,4.0,6.0,2.0,0.1351,WASTE,0
BL2026-015-038,BL-2026-015,1220,44992.0,32088.0,1220.0,6.0,0.0,-90.0,0.0,2.0,2.0,0.1692,WASTE,0
BL2026-015-038,BL-2026-015,1220,44992.0,32088.0,1220.0,6.0,0.0,-90.0,2.0,4.0,2.0,0.174,WASTE,0
BL2026-015-038,BL-2026-015,1220,44992.0,32088.0,1220.0,6.0,0.0,-90.0,4.0,6.0,2.0,0.1842,WASTE,0
BL2026-015-039,BL-2026-015,1220,44992.0,32094.0,1220.0,6.0,0.0,-90.0,0.0,2.0,2.0,0.1686,WASTE,0
BL2026-015-039,BL-2026-015,1220,44992.0,32094.0,1220.0,6.0,0.0,-90.0,2.0,4.0,2.0,0.2242,WASTE,0
BL2026-015-039,BL-2026-015,1220,44992.0,32094.0,1220.0,6.0,0.0,-90.0,4.0,6.0,2.0,0.2142,WASTE,0
BL2026-015-040,BL-2026-015,1220,44992.0,32100.0,1220.0,6.0,0.0,-90.0,0.0,2.0,2.0,0.2114,WASTE,0
BL2026-015-040,BL-2026-015,1220,44992.0,32100.0,1220.0,6.0,0.0,-90.0,2.0,4.0,2.0,0.1709,WASTE,0
BL2026-015-040,BL-2026-015,1220,44992.0,32100.0,1220.0,6.0,0.0,-90.0,4.0,6.0,2.0,0.1408,WASTE,0
BL2026-015-041,BL-2026-015,1220,44992.0,32106.0,1220.0,6.0,0.0,-90.0,0.0,2.0,2.0,0.1791,WASTE,0
BL2026-015-041,BL-2026-015,1220,44992.0,32106.0,1220.0,6.0,0.0,-90.0,2.0,4.0,2.0,0.1446,WASTE,0
BL2026-015-041,BL-2026-015,1220,44992.0,32106.0,1220.0,6.0,0.0,-90.0,4.0,6.0,2.0,0.1598,WASTE,0
BL2026-015-042,BL-2026-015,1220,44992.0,32112.0,1220.0,6.0,0.0,-90.0,0.0,2.0,2.0,0.1045,WASTE,0
BL2026-015-042,BL-2026-015,1220,44992.0,32112.0,1220.0,6.0,0.0,-90.0,2.0,4.0,2.0,0.1055,WASTE,0
BL2026-015-042,BL-2026-015,1220,44992.0,32112.0,1220.0,6.0,0.0,-90.0,4.0,6.0,2.0,0.015,WASTE,0
BL2026-015-043,BL-2026-015,1220,44992.0,32118.0,1220.0,6.0,0.0,-90.0,0.0,2.0,2.0,0.081,WASTE,0
BL2026-015-043,BL-2026-015,1220,44992.0,32118.0,1220.0,6.0,0.0,-90.0,2.0,4.0,2.0,0.1379,WASTE,0
BL2026-015-043,BL-2026-015,1220,44992.0,32118.0,1220.0,6.0,0.0,-90.0,4.0,6.0,2.0,0.0225,WASTE,0
BL2026-015-044,BL-2026-015,1220,44992.0,32124.0,1220.0,6.0,0.0,-90.0,0.0,2.0,2.0,0.2267,WASTE,0
BL2026-015-044,BL-2026-015,1220,44992.0,32124.0,1220.0,6.0,0.0,-90.0,2.0,4.0,2.0,0.1806,WASTE,0
BL2026-015-044,BL-2026-015,1220,44992.0,32124.0,1220.0,6.0,0.0,-90.0,4.0,6.0,2.0,0.1883,WASTE,0
BL2026-015-045,BL-2026-015,1220,44992.0,32130.0,1220.0,6.0,0.0,-90.0,0.0,2.0,2.0,0.0542,WASTE,0
BL2026-015-045,BL-2026-015,1220,44992.0,32130.0,1220.0,6.0,0.0,-90.0,2.0,4.0,2.0,0.0965,WASTE,0
BL2026-015-045,BL-2026-015,1220,44992.0,32130.0,1220.0,6.0,0.0,-90.0,4.0,6.0,2.0,0.0477,WASTE,0
BL2026-015-046,BL-2026-015,1220,44992.0,32136.0,1220.0,6.0,0.0,-90.0,0.0,2.0,2.0,0.0992,WASTE,0
BL2026-015-046,BL-2026-015,1220,44992.0,32136.0,1220.0,6.0,0.0,-90.0,2.0,4.0,2.0,0.1594,WASTE,0
BL2026-015-046,BL-2026-015,1220,44992.0,32136.0,1220.0,6.0,0.0,-90.0,4.0,6.0,2.0,0.0867,WASTE,0
BL2026-015-047,BL-2026-015,1220,44992.0,32142.0,1220.0,6.0,0.0,-90.0,0.0,2.0,2.0,0.0726,WASTE,0
BL2026-015-047,BL-2026-015,1220,44992.0,32142.0,1220.0,6.0,0.0,-90.0,2.0,4.0,2.0,0.0206,WASTE,0
BL2026-015-047,BL-2026-015,1220,44992.0,32142.0,1220.0,6.0,0.0,-90.0,4.0,6.0,2.0,0.0985,WASTE,0
BL2026-015-048,BL-2026-015,1220,44992.0,32148.0,1220.0,6.0,0.0,-90.0,0.0,2.0,2.0,0.1467,WASTE,0
BL2026-015-048,BL-2026-015,1220,44992.0,32148.0,1220.0,6.0,0.0,-90.0,2.0,4.0,2.0,0.2568,WASTE,0
BL2026-015-048,BL-2026-015,1220,44992.0,32148.0,1220.0,6.0,0.0,-90.0,4.0,6.0,2.0,0.1283,WASTE,0
BL2026-015-049,BL-2026-015,1220,44992.0,32154.0,1220.0,6.0,0.0,-90.0,0.0,2.0,2.0,0.0633,WASTE,0
BL2026-015-049,BL-2026-015,1220,44992.0,32154.0,1220.0,6.0,0.0,-90.0,2.0,4.0,2.0,0.1507,WASTE,0
BL2026-015-049,BL-2026-015,1220,44992.0,32154.0,1220.0,6.0,0.0,-90.0,4.0,6.0,2.0,0.0527,WASTE,0
BL2026-015-050,BL-2026-015,1220,44992.0,32160.0,1220.0,6.0,0.0,-90.0,0.0,2.0,2.0,0.1896,WASTE,0
BL2026-015-050,BL-2026-015,1220,44992.0,32160.0,1220.0,6.0,0.0,-90.0,2.0,4.0,2.0,0.2551,WASTE,0
BL2026-015-050,BL-2026-015,1220,44992.0,32160.0,1220.0,6.0,0.0,-90.0,4.0,6.0,2.0,0.2389,WASTE,0
BL2026-015-051,BL-2026-015,1220,44992.0,32166.0,1220.0,6.0,0.0,-90.0,0.0,2.0,2.0,0.0907,WASTE,0
BL2026-015-051,BL-2026-015,1220,44992.0,32166.0,1220.0,6.0,0.0,-90.0,2.0,4.0,2.0,0.1479,WASTE,0
BL2026-015-051,BL-2026-015,1220,44992.0,32166.0,1220.0,6.0,0.0,-90.0,4.0,6.0,2.0,0.0804,WASTE,0
BL2026-015-052,BL-2026-015,1220,44998.0,32070.0,1220.0,6.0,0.0,-90.0,0.0,2.0,2.0,0.1996,WASTE,0
BL2026-015-052,BL-2026-015,1220,44998.0,32070.0,1220.0,6.0,0.0,-90.0,2.0,4.0,2.0,0.1482,WASTE,0
BL2026-015-052,BL-2026-015,1220,44998.0,32070.0,1220.0,6.0,0.0,-90.0,4.0,6.0,2.0,0.2453,WASTE,0
BL2026-015-053,BL-2026-015,1220,44998.0,32076.0,1220.0,6.0,0.0,-90.0,0.0,2.0,2.0,0.0129,WASTE,0
BL2026-015-053,BL-2026-015,1220,44998.0,32076.0,1220.0,6.0,0.0,-90.0,2.0,4.0,2.0,0.0715,WASTE,0
BL2026-015-053,BL-2026-015,1220,44998.0,32076.0,1220.0,6.0,0.0,-90.0,4.0,6.0,2.0,0.0268,WASTE,0
BL2026-015-054,BL-2026-015,1220,44998.0,32082.0,1220.0,6.0,0.0,-90.0,0.0,2.0,2.0,0.2066,WASTE,0
BL2026-015-054,BL-2026-015,1220,44998.0,32082.0,1220.0,6.0,0.0,-90.0,2.0,4.0,2.0,0.1883,WASTE,0
BL2026-015-054,BL-2026-015,1220,44998.0,32082.0,1220.0,6.0,0.0,-90.0,4.0,6.0,2.0,0.2188,WASTE,0
BL2026-015-055,BL-2026-015,1220,44998.0,32088.0,1220.0,6.0,0.0,-90.0,0.0,2.0,2.0,0.2816,WASTE,0
BL2026-015-055,BL-2026-015,1220,44998.0,32088.0,1220.0,6.0,0.0,-90.0,2.0,4.0,2.0,0.2769,WASTE,0
BL2026-015-055,BL-2026-015,1220,44998.0,32088.0,1220.0,6.0,0.0,-90.0,4.0,6.0,2.0,0.3432,WASTE,0
BL2026-015-056,BL-2026-015,1220,44998.0,32094.0,1220.0,6.0,0.0,-90.0,0.0,2.0,2.0,0.1117,WASTE,0
BL2026-015-056,BL-2026-015,1220,44998.0,32094.0,1220.0,6.0,0.0,-90.0,2.0,4.0,2.0,0.1069,WASTE,0
BL2026-015-056,BL-2026-015,1220,44998.0,32094.0,1220.0,6.0,0.0,-90.0,4.0,6.0,2.0,0.1689,WASTE,0
BL2026-015-057,BL-2026-015,1220,44998.0,32100.0,1220.0,6.0,0.0,-90.0,0.0,2.0,2.0,0.0943,WASTE,0
BL2026-015-057,BL-2026-015,1220,44998.0,32100.0,1220.0,6.0,0.0,-90.0,2.0,4.0,2.0,0.132,WASTE,0
BL2026-015-057,BL-2026-015,1220,44998.0,32100.0,1220.0,6.0,0.0,-90.0,4.0,6.0,2.0,0.1265,WASTE,0
BL2026-015-058,BL-2026-015,1220,44998.0,32106.0,1220.0,6.0,0.0,-90.0,0.0,2.0,2.0,0.1523,WASTE,0
BL2026-015-058,BL-2026-015,1220,44998.0,32106.0,1220.0,6.0,0.0,-90.0,2.0,4.0,2.0,0.082,WASTE,0
BL2026-015-058,BL-2026-015,1220,44998.0,32106.0,1220.0,6.0,0.0,-90.0,4.0,6.0,2.0,0.102,WASTE,0
BL2026-015-059,BL-2026-015,1220,44998.0,32112.0,1220.0,6.0,0.0,-90.0,0.0,2.0,2.0,0.2393,WASTE,0
BL2026-015-059,BL-2026-015,1220,44998.0,32112.0,1220.0,6.0,0.0,-90.0,2.0,4.0,2.0,0.2165,WASTE,0
BL2026-015-059,BL-2026-015,1220,44998.0,32112.0,1220.0,6.0,0.0,-90.0,4.0,6.0,2.0,0.2164,WASTE,0
BL2026-015-060,BL-2026-015,1220,44998.0,32118.0,1220.0,6.0,0.0,-90.0,0.0,2.0,2.0,0.1142,WASTE,0
BL2026-015-060,BL-2026-015,1220,44998.0,32118.0,1220.0,6.0,0.0,-90.0,2.0,4.0,2.0,0.1378,WASTE,0
BL2026-015-060,BL-2026-015,1220,44998.0,32118.0,1220.0,6.0,0.0,-90.0,4.0,6.0,2.0,0.0719,WASTE,0
BL2026-015-061,BL-2026-015,1220,44998.0,32124.0,1220.0,6.0,0.0,-90.0,0.0,2.0,2.0,0.1174,WASTE,0
BL2026-015-061,BL-2026-015,1220,44998.0,32124.0,1220.0,6.0,0.0,-90.0,2.0,4.0,2.0,0.1388,WASTE,0
BL2026-015-061,BL-2026-015,1220,44998.0,32124.0,1220.0,6.0,0.0,-90.0,4.0,6.0,2.0,0.111,WASTE,0
BL2026-015-062,BL-2026-015,1220,44998.0,32130.0,1220.0,6.0,0.0,-90.0,0.0,2.0,2.0,0.1278,WASTE,0
BL2026-015-062,BL-2026-015,1220,44998.0,32130.0,1220.0,6.0,0.0,-90.0,2.0,4.0,2.0,0.0675,WASTE,0
BL2026-015-062,BL-2026-015,1220,44998.0,32130.0,1220.0,6.0,0.0,-90.0,4.0,6.0,2.0,0.1004,WASTE,0
BL2026-015-063,BL-2026-015,1220,44998.0,32136.0,1220.0,6.0,0.0,-90.0,0.0,2.0,2.0,0.2649,WASTE,0
BL2026-015-063,BL-2026-015,1220,44998.0,32136.0,1220.0,6.0,0.0,-90.0,2.0,4.0,2.0,0.2765,WASTE,0
BL2026-015-063,BL-2026-015,1220,44998.0,32136.0,1220.0,6.0,0.0,-90.0,4.0,6.0,2.0,0.2791,WASTE,0
BL2026-015-064,BL-2026-015,1220,44998.0,32142.0,1220.0,6.0,0.0,-90.0,0.0,2.0,2.0,0.1548,WASTE,0
BL2026-015-064,BL-2026-015,1220,44998.0,32142.0,1220.0,6.0,0.0,-90.0,2.0,4.0,2.0,0.2156,WASTE,0
BL2026-015-064,BL-2026-015,1220,44998.0,32142.0,1220.0,6.0,0.0,-90.0,4.0,6.0,2.0,0.2149,WASTE,0
BL2026-015-065,BL-2026-015,1220,44998.0,32148.0,1220.0,6.0,0.0,-90.0,0.0,2.0,2.0,0.131,WASTE,0
BL2026-015-065,BL-2026-015,1220,44998.0,32148.0,1220.0,6.0,0.0,-90.0,2.0,4.0,2.0,0.1674,WASTE,0
BL2026-015-065,BL-2026-015,1220,44998.0,32148.0,1220.0,6.0,0.0,-90.0,4.0,6.0,2.0,0.1942,WASTE,0
BL2026-015-066,BL-2026-015,1220,44998.0,32154.0,1220.0,6.0,0.0,-90.0,0.0,2.0,2.0,0.0354,WASTE,0
BL2026-015-066,BL-2026-015,1220,44998.0,32154.0,1220.0,6.0,0.0,-90.0,2.0,4.0,2.0,0.0775,WASTE,0
BL2026-015-066,BL-2026-015,1220,44998.0,32154.0,1220.0,6.0,0.0,-90.0,4.0,6.0,2.0,0.0788,WASTE,0
BL2026-015-067,BL-2026-015,1220,44998.0,32160.0,1220.0,6.0,0.0,-90.0,0.0,2.0,2.0,0.1263,WASTE,0
BL2026-015-067,BL-2026-015,1220,44998.0,32160.0,1220.0,6.0,0.0,-90.0,2.0,4.0,2.0,0.192,WASTE,0
BL2026-015-067,BL-2026-015,1220,44998.0,32160.0,1220.0,6.0,0.0,-90.0,4.0,6.0,2.0,0.1737,WASTE,0
BL2026-015-068,BL-2026-015,1220,44998.0,32166.0,1220.0,6.0,0.0,-90.0,0.0,2.0,2.0,0.161,WASTE,0
BL2026-015-068,BL-2026-015,1220,44998.0,32166.0,1220.0,6.0,0.0,-90.0,2.0,4.0,2.0,0.2725,WASTE,0
BL2026-015-068,BL-2026-015,1220,44998.0,32166.0,1220.0,6.0,0.0,-90.0,4.0,6.0,2.0,0.1773,WASTE,0
BL2026-015-069,BL-2026-015,1220,45004.0,32070.0,1220.0,6.0,0.0,-90.0,0.0,2.0,2.0,0.0718,WASTE,0
BL2026-015-069,BL-2026-015,1220,45004.0,32070.0,1220.0,6.0,0.0,-90.0,2.0,4.0,2.0,0.0414,WASTE,0
BL2026-015-069,BL-2026-015,1220,45004.0,32070.0,1220.0,6.0,0.0,-90.0,4.0,6.0,2.0,0.1242,WASTE,0
BL2026-015-070,BL-2026-015,1220,45004.0,32076.0,1220.0,6.0,0.0,-90.0,0.0,2.0,2.0,0.2049,WASTE,0
BL2026-015-070,BL-2026-015,1220,45004.0,32076.0,1220.0,6.0,0.0,-90.0,2.0,4.0,2.0,0.1978,WASTE,0
BL2026-015-070,BL-2026-015,1220,45004.0,32076.0,1220.0,6.0,0.0,-90.0,4.0,6.0,2.0,0.2767,WASTE,0
BL2026-015-071,BL-2026-015,1220,45004.0,32082.0,1220.0,6.0,0.0,-90.0,0.0,2.0,2.0,0.1886,WASTE,0
BL2026-015-071,BL-2026-015,1220,45004.0,32082.0,1220.0,6.0,0.0,-90.0,2.0,4.0,2.0,0.1115,WASTE,0
BL2026-015-071,BL-2026-015,1220,45004.0,32082.0,1220.0,6.0,0.0,-90.0,4.0,6.0,2.0,0.0881,WASTE,0
BL2026-015-072,BL-2026-015,1220,45004.0,32088.0,1220.0,6.0,0.0,-90.0,0.0,2.0,2.0,0.1624,WASTE,0
BL2026-015-072,BL-2026-015,1220,45004.0,32088.0,1220.0,6.0,0.0,-90.0,2.0,4.0,2.0,0.1457,WASTE,0
BL2026-015-072,BL-2026-015,1220,45004.0,32088.0,1220.0,6.0,0.0,-90.0,4.0,6.0,2.0,0.2004,WASTE,0
BL2026-015-073,BL-2026-015,1220,45004.0,32094.0,1220.0,6.0,0.0,-90.0,0.0,2.0,2.0,0.155,WASTE,0
BL2026-015-073,BL-2026-015,1220,45004.0,32094.0,1220.0,6.0,0.0,-90.0,2.0,4.0,2.0,0.2189,WASTE,0
BL2026-015-073,BL-2026-015,1220,45004.0,32094.0,1220.0,6.0,0.0,-90.0,4.0,6.0,2.0,0.0728,WASTE,0
BL2026-015-074,BL-2026-015,1220,45004.0,32100.0,1220.0,6.0,0.0,-90.0,0.0,2.0,2.0,0.1313,WASTE,0
BL2026-015-074,BL-2026-015,1220,45004.0,32100.0,1220.0,6.0,0.0,-90.0,2.0,4.0,2.0,0.1098,WASTE,0
BL2026-015-074,BL-2026-015,1220,45004.0,32100.0,1220.0,6.0,0.0,-90.0,4.0,6.0,2.0,0.1115,WASTE,0
BL2026-015-075,BL-2026-015,1220,45004.0,32106.0,1220.0,6.0,0.0,-90.0,0.0,2.0,2.0,0.1804,WASTE,0
BL2026-015-075,BL-2026-015,1220,45004.0,32106.0,1220.0,6.0,0.0,-90.0,2.0,4.0,2.0,0.1638,WASTE,0
BL2026-015-075,BL-2026-015,1220,45004.0,32106.0,1220.0,6.0,0.0,-90.0,4.0,6.0,2.0,0.2019,WASTE,0
BL2026-015-076,BL-2026-015,1220,45004.0,32112.0,1220.0,6.0,0.0,-90.0,0.0,2.0,2.0,0.2151,WASTE,0
BL2026-015-076,BL-2026-015,1220,45004.0,32112.0,1220.0,6.0,0.0,-90.0,2.0,4.0,2.0,0.2596,WASTE,0
BL2026-015-076,BL-2026-015,1220,45004.0,32112.0,1220.0,6.0,0.0,-90.0,4.0,6.0,2.0,0.2025,WASTE,0
BL2026-015-077,BL-2026-015,1220,45004.0,32118.0,1220.0,6.0,0.0,-90.0,0.0,2.0,2.0,0.1388,WASTE,0
BL2026-015-077,BL-2026-015,1220,45004.0,32118.0,1220.0,6.0,0.0,-90.0,2.0,4.0,2.0,0.0844,WASTE,0
BL2026-015-077,BL-2026-015,1220,45004.0,32118.0,1220.0,6.0,0.0,-90.0,4.0,6.0,2.0,0.0627,WASTE,0
BL2026-015-078,BL-2026-015,1220,45004.0,32124.0,1220.0,6.0,0.0,-90.0,0.0,2.0,2.0,0.1974,WASTE,0
BL2026-015-078,BL-2026-015,1220,45004.0,32124.0,1220.0,6.0,0.0,-90.0,2.0,4.0,2.0,0.1936,WASTE,0
BL2026-015-078,BL-2026-015,1220,45004.0,32124.0,1220.0,6.0,0.0,-90.0,4.0,6.0,2.0,0.1482,WASTE,0
BL2026-015-079,BL-2026-015,1220,45004.0,32130.0,1220.0,6.0,0.0,-90.0,0.0,2.0,2.0,0.0813,WASTE,0
BL2026-015-079,BL-2026-015,1220,45004.0,32130.0,1220.0,6.0,0.0,-90.0,2.0,4.0,2.0,0.0994,WASTE,0
BL2026-015-079,BL-2026-015,1220,45004.0,32130.0,1220.0,6.0,0.0,-90.0,4.0,6.0,2.0,0.1692,WASTE,0
BL2026-015-080,BL-2026-015,1220,45004.0,32136.0,1220.0,6.0,0.0,-90.0,0.0,2.0,2.0,0.1392,WASTE,0
BL2026-015-080,BL-2026-015,1220,45004.0,32136.0,1220.0,6.0,0.0,-90.0,2.0,4.0,2.0,0.1523,WASTE,0
BL2026-015-080,BL-2026-015,1220,45004.0,32136.0,1220.0,6.0,0.0,-90.0,4.0,6.0,2.0,0.1845,WASTE,0
BL2026-015-081,BL-2026-015,1220,45004.0,32142.0,1220.0,6.0,0.0,-90.0,0.0,2.0,2.0,0.1731,WASTE,0
BL2026-015-081,BL-2026-015,1220,45004.0,32142.0,1220.0,6.0,0.0,-90.0,2.0,4.0,2.0,0.0895,WASTE,0
BL2026-015-081,BL-2026-015,1220,45004.0,32142.0,1220.0,6.0,0.0,-90.0,4.0,6.0,2.0,0.0543,WASTE,0
BL2026-015-082,BL-2026-015,1220,45004.0,32148.0,1220.0,6.0,0.0,-90.0,0.0,2.0,2.0,0.2101,WASTE,0
BL2026-015-082,BL-2026-015,1220,45004.0,32148.0,1220.0,6.0,0.0,-90.0,2.0,4.0,2.0,0.2078,WASTE,0
BL2026-015-082,BL-2026-015,1220,45004.0,32148.0,1220.0,6.0,0.0,-90.0,4.0,6.0,2.0,0.1722,WASTE,0
BL2026-015-083,BL-2026-015,1220,45004.0,32154.0,1220.0,6.0,0.0,-90.0,0.0,2.0,2.0,0.1786,WASTE,0
BL2026-015-083,BL-2026-015,1220,45004.0,32154.0,1220.0,6.0,0.0,-90.0,2.0,4.0,2.0,0.1154,WASTE,0
BL2026-015-083,BL-2026-015,1220,45004.0,32154.0,1220.0,6.0,0.0,-90.0,4.0,6.0,2.0,0.0257,WASTE,0
BL2026-015-084,BL-2026-015,1220,45004.0,32160.0,1220.0,6.0,0.0,-90.0,0.0,2.0,2.0,0.184,WASTE,0
BL2026-015-084,BL-2026-015,1220,45004.0,32160.0,1220.0,6.0,0.0,-90.0,2.0,4.0,2.0,0.2285,WASTE,0
BL2026-015-084,BL-2026-015,1220,45004.0,32160.0,1220.0,6.0,0.0,-90.0,4.0,6.0,2.0,0.2275,WASTE,0
BL2026-015-085,BL-2026-015,1220,45004.0,32166.0,1220.0,6.0,0.0,-90.0,0.0,2.0,2.0,0.0975,WASTE,0
BL2026-015-085,BL-2026-015,1220,45004.0,32166.0,1220.0,6.0,0.0,-90.0,2.0,4.0,2.0,0.1129,WASTE,0
BL2026-015-085,BL-2026-015,1220,45004.0,32166.0,1220.0,6.0,0.0,-90.0,4.0,6.0,2.0,0.1267,WASTE,0
BL2026-015-086,BL-2026-015,1220,45010.0,32070.0,1220.0,6.0,0.0,-90.0,0.0,2.0,2.0,0.1183,WASTE,0
BL2026-015-086,BL-2026-015,1220,45010.0,32070.0,1220.0,6.0,0.0,-90.0,2.0,4.0,2.0,0.1205,WASTE,0
BL2026-015-086,BL-2026-015,1220,45010.0,32070.0,1220.0,6.0,0.0,-90.0,4.0,6.0,2.0,0.0802,WASTE,0
BL2026-015-087,BL-2026-015,1220,45010.0,32076.0,1220.0,6.0,0.0,-90.0,0.0,2.0,2.0,0.1689,WASTE,0
BL2026-015-087,BL-2026-015,1220,45010.0,32076.0,1220.0,6.0,0.0,-90.0,2.0,4.0,2.0,0.2467,WASTE,0
BL2026-015-087,BL-2026-015,1220,45010.0,32076.0,1220.0,6.0,0.0,-90.0,4.0,6.0,2.0,0.0974,WASTE,0
BL2026-015-088,BL-2026-015,1220,45010.0,32082.0,1220.0,6.0,0.0,-90.0,0.0,2.0,2.0,0.1252,WASTE,0
BL2026-015-088,BL-2026-015,1220,45010.0,32082.0,1220.0,6.0,0.0,-90.0,2.0,4.0,2.0,0.0768,WASTE,0
BL2026-015-088,BL-2026-015,1220,45010.0,32082.0,1220.0,6.0,0.0,-90.0,4.0,6.0,2.0,0.0899,WASTE,0
BL2026-015-089,BL-2026-015,1220,45010.0,32088.0,1220.0,6.0,0.0,-90.0,0.0,2.0,2.0,0.0534,WASTE,0
BL2026-015-089,BL-2026-015,1220,45010.0,32088.0,1220.0,6.0,0.0,-90.0,2.0,4.0,2.0,0.0883,WASTE,0
BL2026-015-089,BL-2026-015,1220,45010.0,32088.0,1220.0,6.0,0.0,-90.0,4.0,6.0,2.0,0.029,WASTE,0
BL2026-015-090,BL-2026-015,1220,45010.0,32094.0,1220.0,6.0,0.0,-90.0,0.0,2.0,2.0,0.2546,WASTE,0
BL2026-015-090,BL-2026-015,1220,45010.0,32094.0,1220.0,6.0,0.0,-90.0,2.0,4.0,2.0,0.2472,WASTE,0
BL2026-015-090,BL-2026-015,1220,45010.0,32094.0,1220.0,6.0,0.0,-90.0,4.0,6.0,2.0,0.2431,WASTE,0
BL2026-015-091,BL-2026-015,1220,45010.0,32100.0,1220.0,6.0,0.0,-90.0,0.0,2.0,2.0,0.1628,WASTE,0
BL2026-015-091,BL-2026-015,1220,45010.0,32100.0,1220.0,6.0,0.0,-90.0,2.0,4.0,2.0,0.1624,WASTE,0
BL2026-015-091,BL-2026-015,1220,45010.0,32100.0,1220.0,6.0,0.0,-90.0,4.0,6.0,2.0,0.2318,WASTE,0
BL2026-015-092,BL-2026-015,1220,45010.0,32106.0,1220.0,6.0,0.0,-90.0,0.0,2.0,2.0,0.1974,WASTE,0
BL2026-015-092,BL-2026-015,1220,45010.0,32106.0,1220.0,6.0,0.0,-90.0,2.0,4.0,2.0,0.102,WASTE,0
BL2026-015-092,BL-2026-015,1220,45010.0,32106.0,1220.0,6.0,0.0,-90.0,4.0,6.0,2.0,0.1919,WASTE,0
BL2026-015-093,BL-2026-015,1220,45010.0,32112.0,1220.0,6.0,0.0,-90.0,0.0,2.0,2.0,1.1148,ORE,0
BL2026-015-093,BL-2026-015,1220,45010.0,32112.0,1220.0,6.0,0.0,-90.0,2.0,4.0,2.0,1.1371,ORE,0
BL2026-015-093,BL-2026-015,1220,45010.0,32112.0,1220.0,6.0,0.0,-90.0,4.0,6.0,2.0,1.055,ORE,0
BL2026-015-094,BL-2026-015,1220,45010.0,32118.0,1220.0,6.0,0.0,-90.0,0.0,2.0,2.0,1.1625,ORE,0
BL2026-015-094,BL-2026-015,1220,45010.0,32118.0,1220.0,6.0,0.0,-90.0,2.0,4.0,2.0,1.1858,ORE,0
BL2026-015-094,BL-2026-015,1220,45010.0,32118.0,1220.0,6.0,0.0,-90.0,4.0,6.0,2.0,1.1778,ORE,0
BL2026-015-095,BL-2026-015,1220,45010.0,32124.0,1220.0,6.0,0.0,-90.0,0.0,2.0,2.0,0.3493,WASTE,0
BL2026-015-095,BL-2026-015,1220,45010.0,32124.0,1220.0,6.0,0.0,-90.0,2.0,4.0,2.0,0.3408,WASTE,0
BL2026-015-095,BL-2026-015,1220,45010.0,32124.0,1220.0,6.0,0.0,-90.0,4.0,6.0,2.0,0.3361,WASTE,0
BL2026-015-096,BL-2026-015,1220,45010.0,32130.0,1220.0,6.0,0.0,-90.0,0.0,2.0,2.0,0.1658,WASTE,0
BL2026-015-096,BL-2026-015,1220,45010.0,32130.0,1220.0,6.0,0.0,-90.0,2.0,4.0,2.0,0.1133,WASTE,0
BL2026-015-096,BL-2026-015,1220,45010.0,32130.0,1220.0,6.0,0.0,-90.0,4.0,6.0,2.0,0.1098,WASTE,0
BL2026-015-097,BL-2026-015,1220,45010.0,32136.0,1220.0,6.0,0.0,-90.0,0.0,2.0,2.0,0.2428,WASTE,0
BL2026-015-097,BL-2026-015,1220,45010.0,32136.0,1220.0,6.0,0.0,-90.0,2.0,4.0,2.0,0.2088,WASTE,0
BL2026-015-097,BL-2026-015,1220,45010.0,32136.0,1220.0,6.0,0.0,-90.0,4.0,6.0,2.0,0.2484,WASTE,0
BL2026-015-098,BL-2026-015,1220,45010.0,32142.0,1220.0,6.0,0.0,-90.0,0.0,2.0,2.0,0.0744,WASTE,0
BL2026-015-098,BL-2026-015,1220,45010.0,32142.0,1220.0,6.0,0.0,-90.0,2.0,4.0,2.0,0.0698,WASTE,0
BL2026-015-098,BL-2026-015,1220,45010.0,32142.0,1220.0,6.0,0.0,-90.0,4.0,6.0,2.0,0.1165,WASTE,0
BL2026-015-099,BL-2026-015,1220,45010.0,32148.0,1220.0,6.0,0.0,-90.0,0.0,2.0,2.0,0.162,WASTE,0
BL2026-015-099,BL-2026-015,1220,45010.0,32148.0,1220.0,6.0,0.0,-90.0,2.0,4.0,2.0,0.1526,WASTE,0
BL2026-015-099,BL-2026-015,1220,45010.0,32148.0,1220.0,6.0,0.0,-90.0,4.0,6.0,2.0,0.1402,WASTE,0
BL2026-015-100,BL-2026-015,1220,45010.0,32154.0,1220.0,6.0,0.0,-90.0,0.0,2.0,2.0,0.1637,WASTE,0
BL2026-015-100,BL-2026-015,1220,45010.0,32154.0,1220.0,6.0,0.0,-90.0,2.0,4.0,2.0,0.1696,WASTE,0
BL2026-015-100,BL-2026-015,1220,45010.0,32154.0,1220.0,6.0,0.0,-90.0,4.0,6.0,2.0,0.1861,WASTE,0
BL2026-015-101,BL-2026-015,1220,45010.0,32160.0,1220.0,6.0,0.0,-90.0,0.0,2.0,2.0,0.1014,WASTE,0
BL2026-015-101,BL-2026-015,1220,45010.0,32160.0,1220.0,6.0,0.0,-90.0,2.0,4.0,2.0,0.1267,WASTE,0
BL2026-015-101,BL-2026-015,1220,45010.0,32160.0,1220.0,6.0,0.0,-90.0,4.0,6.0,2.0,0.1809,WASTE,0
BL2026-015-102,BL-2026-015,1220,45010.0,32166.0,1220.0,6.0,0.0,-90.0,0.0,2.0,2.0,0.0427,WASTE,0
BL2026-015-102,BL-2026-015,1220,45010.0,32166.0,1220.0,6.0,0.0,-90.0,2.0,4.0,2.0,0.0082,WASTE,0
BL2026-015-102,BL-2026-015,1220,45010.0,32166.0,1220.0,6.0,0.0,-90.0,4.0,6.0,2.0,0.0624,WASTE,0
BL2026-015-103,BL-2026-015,1220,45016.0,32070.0,1220.0,6.0,0.0,-90.0,0.0,2.0,2.0,0.1501,WASTE,0
BL2026-015-103,BL-2026-015,1220,45016.0,32070.0,1220.0,6.0,0.0,-90.0,2.0,4.0,2.0,0.2293,WASTE,0
BL2026-015-103,BL-2026-015,1220,45016.0,32070.0,1220.0,6.0,0.0,-90.0,4.0,6.0,2.0,0.2851,WASTE,0
BL2026-015-104,BL-2026-015,1220,45016.0,32076.0,1220.0,6.0,0.0,-90.0,0.0,2.0,2.0,0.169,WASTE,0
BL2026-015-104,BL-2026-015,1220,45016.0,32076.0,1220.0,6.0,0.0,-90.0,2.0,4.0,2.0,0.116,WASTE,0
BL2026-015-104,BL-2026-015,1220,45016.0,32076.0,1220.0,6.0,0.0,-90.0,4.0,6.0,2.0,0.0579,WASTE,0
BL2026-015-105,BL-2026-015,1220,45016.0,32082.0,1220.0,6.0,0.0,-90.0,0.0,2.0,2.0,0.1218,WASTE,0
BL2026-015-105,BL-2026-015,1220,45016.0,32082.0,1220.0,6.0,0.0,-90.0,2.0,4.0,2.0,0.1047,WASTE,0
BL2026-015-105,BL-2026-015,1220,45016.0,32082.0,1220.0,6.0,0.0,-90.0,4.0,6.0,2.0,0.1457,WASTE,0
BL2026-015-106,BL-2026-015,1220,45016.0,32088.0,1220.0,6.0,0.0,-90.0,0.0,2.0,2.0,0.025,WASTE,0
BL2026-015-106,BL-2026-015,1220,45016.0,32088.0,1220.0,6.0,0.0,-90.0,2.0,4.0,2.0,0.0863,WASTE,0
BL2026-015-106,BL-2026-015,1220,45016.0,32088.0,1220.0,6.0,0.0,-90.0,4.0,6.0,2.0,0.0257,WASTE,0
BL2026-015-107,BL-2026-015,1220,45016.0,32094.0,1220.0,6.0,0.0,-90.0,0.0,2.0,2.0,0.2239,WASTE,0
BL2026-015-107,BL-2026-015,1220,45016.0,32094.0,1220.0,6.0,0.0,-90.0,2.0,4.0,2.0,0.272,WASTE,0
BL2026-015-107,BL-2026-015,1220,45016.0,32094.0,1220.0,6.0,0.0,-90.0,4.0,6.0,2.0,0.2576,WASTE,0
BL2026-015-108,BL-2026-015,1220,45016.0,32100.0,1220.0,6.0,0.0,-90.0,0.0,2.0,2.0,0.2547,WASTE,0
BL2026-015-108,BL-2026-015,1220,45016.0,32100.0,1220.0,6.0,0.0,-90.0,2.0,4.0,2.0,0.2474,WASTE,0
BL2026-015-108,BL-2026-015,1220,45016.0,32100.0,1220.0,6.0,0.0,-90.0,4.0,6.0,2.0,0.1831,WASTE,0
BL2026-015-109,BL-2026-015,1220,45016.0,32106.0,1220.0,6.0,0.0,-90.0,0.0,2.0,2.0,0.9606,LOW_ORE,0
BL2026-015-109,BL-2026-015,1220,45016.0,32106.0,1220.0,6.0,0.0,-90.0,2.0,4.0,2.0,0.8767,LOW_ORE,0
BL2026-015-109,BL-2026-015,1220,45016.0,32106.0,1220.0,6.0,0.0,-90.0,4.0,6.0,2.0,0.9922,LOW_ORE,0
BL2026-015-110,BL-2026-015,1220,45016.0,32112.0,1220.0,6.0,0.0,-90.0,0.0,2.0,2.0,2.0658,ORE,0
BL2026-015-110,BL-2026-015,1220,45016.0,32112.0,1220.0,6.0,0.0,-90.0,2.0,4.0,2.0,2.1574,ORE,0
BL2026-015-110,BL-2026-015,1220,45016.0,32112.0,1220.0,6.0,0.0,-90.0,4.0,6.0,2.0,2.1388,ORE,0
BL2026-015-111,BL-2026-015,1220,45016.0,32118.0,1220.0,6.0,0.0,-90.0,0.0,2.0,2.0,2.5063,ORE,0
BL2026-015-111,BL-2026-015,1220,45016.0,32118.0,1220.0,6.0,0.0,-90.0,2.0,4.0,2.0,2.5141,ORE,0
BL2026-015-111,BL-2026-015,1220,45016.0,32118.0,1220.0,6.0,0.0,-90.0,4.0,6.0,2.0,2.5848,ORE,0
BL2026-015-112,BL-2026-015,1220,45016.0,32124.0,1220.0,6.0,0.0,-90.0,0.0,2.0,2.0,1.7642,ORE,0
BL2026-015-112,BL-2026-015,1220,45016.0,32124.0,1220.0,6.0,0.0,-90.0,2.0,4.0,2.0,1.7718,ORE,0
BL2026-015-112,BL-2026-015,1220,45016.0,32124.0,1220.0,6.0,0.0,-90.0,4.0,6.0,2.0,1.8126,ORE,0
BL2026-015-113,BL-2026-015,1220,45016.0,32130.0,1220.0,6.0,0.0,-90.0,0.0,2.0,2.0,0.1751,WASTE,0
BL2026-015-113,BL-2026-015,1220,45016.0,32130.0,1220.0,6.0,0.0,-90.0,2.0,4.0,2.0,0.3121,WASTE,0
BL2026-015-113,BL-2026-015,1220,45016.0,32130.0,1220.0,6.0,0.0,-90.0,4.0,6.0,2.0,0.3154,WASTE,0
BL2026-015-114,BL-2026-015,1220,45016.0,32136.0,1220.0,6.0,0.0,-90.0,0.0,2.0,2.0,0.084,WASTE,0
BL2026-015-114,BL-2026-015,1220,45016.0,32136.0,1220.0,6.0,0.0,-90.0,2.0,4.0,2.0,0.0762,WASTE,0
BL2026-015-114,BL-2026-015,1220,45016.0,32136.0,1220.0,6.0,0.0,-90.0,4.0,6.0,2.0,0.1341,WASTE,0
BL2026-015-115,BL-2026-015,1220,45016.0,32142.0,1220.0,6.0,0.0,-90.0,0.0,2.0,2.0,0.0648,WASTE,0
BL2026-015-115,BL-2026-015,1220,45016.0,32142.0,1220.0,6.0,0.0,-90.0,2.0,4.0,2.0,0.0901,WASTE,0
BL2026-015-115,BL-2026-015,1220,45016.0,32142.0,1220.0,6.0,0.0,-90.0,4.0,6.0,2.0,0.1627,WASTE,0
BL2026-015-116,BL-2026-015,1220,45016.0,32148.0,1220.0,6.0,0.0,-90.0,0.0,2.0,2.0,0.0886,WASTE,0
BL2026-015-116,BL-2026-015,1220,45016.0,32148.0,1220.0,6.0,0.0,-90.0,2.0,4.0,2.0,0.1423,WASTE,0
BL2026-015-116,BL-2026-015,1220,45016.0,32148.0,1220.0,6.0,0.0,-90.0,4.0,6.0,2.0,0.0968,WASTE,0
BL2026-015-117,BL-2026-015,1220,45016.0,32154.0,1220.0,6.0,0.0,-90.0,0.0,2.0,2.0,0.045,WASTE,0
BL2026-015-117,BL-2026-015,1220,45016.0,32154.0,1220.0,6.0,0.0,-90.0,2.0,4.0,2.0,0.1043,WASTE,0
BL2026-015-117,BL-2026-015,1220,45016.0,32154.0,1220.0,6.0,0.0,-90.0,4.0,6.0,2.0,0.0522,WASTE,0
BL2026-015-118,BL-2026-015,1220,45016.0,32160.0,1220.0,6.0,0.0,-90.0,0.0,2.0,2.0,0.1677,WASTE,0
BL2026-015-118,BL-2026-015,1220,45016.0,32160.0,1220.0,6.0,0.0,-90.0,2.0,4.0,2.0,0.0625,WASTE,0
BL2026-015-118,BL-2026-015,1220,45016.0,32160.0,1220.0,6.0,0.0,-90.0,4.0,6.0,2.0,0.1227,WASTE,0
BL2026-015-119,BL-2026-015,1220,45016.0,32166.0,1220.0,6.0,0.0,-90.0,0.0,2.0,2.0,0.157,WASTE,0
BL2026-015-119,BL-2026-015,1220,45016.0,32166.0,1220.0,6.0,0.0,-90.0,2.0,4.0,2.0,0.202,WASTE,0
BL2026-015-119,BL-2026-015,1220,45016.0,32166.0,1220.0,6.0,0.0,-90.0,4.0,6.0,2.0,0.1655,WASTE,0
BL2026-015-120,BL-2026-015,1220,45022.0,32070.0,1220.0,6.0,0.0,-90.0,0.0,2.0,2.0,0.1628,WASTE,0
BL2026-015-120,BL-2026-015,1220,45022.0,32070.0,1220.0,6.0,0.0,-90.0,2.0,4.0,2.0,0.2097,WASTE,0
BL2026-015-120,BL-2026-015,1220,45022.0,32070.0,1220.0,6.0,0.0,-90.0,4.0,6.0,2.0,0.0697,WASTE,0
BL2026-015-121,BL-2026-015,1220,45022.0,32076.0,1220.0,6.0,0.0,-90.0,0.0,2.0,2.0,0.101,WASTE,0
BL2026-015-121,BL-2026-015,1220,45022.0,32076.0,1220.0,6.0,0.0,-90.0,2.0,4.0,2.0,0.1304,WASTE,0
BL2026-015-121,BL-2026-015,1220,45022.0,32076.0,1220.0,6.0,0.0,-90.0,4.0,6.0,2.0,0.1765,WASTE,0
BL2026-015-122,BL-2026-015,1220,45022.0,32082.0,1220.0,6.0,0.0,-90.0,0.0,2.0,2.0,0.0632,WASTE,0
BL2026-015-122,BL-2026-015,1220,45022.0,32082.0,1220.0,6.0,0.0,-90.0,2.0,4.0,2.0,0.1275,WASTE,0
BL2026-015-122,BL-2026-015,1220,45022.0,32082.0,1220.0,6.0,0.0,-90.0,4.0,6.0,2.0,0.0933,WASTE,0
BL2026-015-123,BL-2026-015,1220,45022.0,32088.0,1220.0,6.0,0.0,-90.0,0.0,2.0,2.0,0.0572,WASTE,0
BL2026-015-123,BL-2026-015,1220,45022.0,32088.0,1220.0,6.0,0.0,-90.0,2.0,4.0,2.0,0.0505,WASTE,0
BL2026-015-123,BL-2026-015,1220,45022.0,32088.0,1220.0,6.0,0.0,-90.0,4.0,6.0,2.0,0.1545,WASTE,0
BL2026-015-124,BL-2026-015,1220,45022.0,32094.0,1220.0,6.0,0.0,-90.0,0.0,2.0,2.0,0.1133,WASTE,0
BL2026-015-124,BL-2026-015,1220,45022.0,32094.0,1220.0,6.0,0.0,-90.0,2.0,4.0,2.0,0.0862,WASTE,0
BL2026-015-124,BL-2026-015,1220,45022.0,32094.0,1220.0,6.0,0.0,-90.0,4.0,6.0,2.0,0.1672,WASTE,0
BL2026-015-125,BL-2026-015,1220,45022.0,32100.0,1220.0,6.0,0.0,-90.0,0.0,2.0,2.0,0.1799,WASTE,0
BL2026-015-125,BL-2026-015,1220,45022.0,32100.0,1220.0,6.0,0.0,-90.0,2.0,4.0,2.0,0.1169,WASTE,0
BL2026-015-125,BL-2026-015,1220,45022.0,32100.0,1220.0,6.0,0.0,-90.0,4.0,6.0,2.0,0.1584,WASTE,0
BL2026-015-126,BL-2026-015,1220,45022.0,32106.0,1220.0,6.0,0.0,-90.0,0.0,2.0,2.0,1.2373,ORE,0
BL2026-015-126,BL-2026-015,1220,45022.0,32106.0,1220.0,6.0,0.0,-90.0,2.0,4.0,2.0,1.2424,ORE,0
BL2026-015-126,BL-2026-015,1220,45022.0,32106.0,1220.0,6.0,0.0,-90.0,4.0,6.0,2.0,1.2606,ORE,0
BL2026-015-127,BL-2026-015,1220,45022.0,32112.0,1220.0,6.0,0.0,-90.0,0.0,2.0,2.0,2.772,ORE,0
BL2026-015-127,BL-2026-015,1220,45022.0,32112.0,1220.0,6.0,0.0,-90.0,2.0,4.0,2.0,2.6792,ORE,0
BL2026-015-127,BL-2026-015,1220,45022.0,32112.0,1220.0,6.0,0.0,-90.0,4.0,6.0,2.0,2.6197,ORE,0
BL2026-015-128,BL-2026-015,1220,45022.0,32118.0,1220.0,6.0,0.0,-90.0,0.0,2.0,2.0,0.2568,WASTE,0
BL2026-015-128,BL-2026-015,1220,45022.0,32118.0,1220.0,6.0,0.0,-90.0,2.0,4.0,2.0,0.3011,WASTE,0
BL2026-015-128,BL-2026-015,1220,45022.0,32118.0,1220.0,6.0,0.0,-90.0,4.0,6.0,2.0,0.3461,WASTE,0
BL2026-015-129,BL-2026-015,1220,45022.0,32124.0,1220.0,6.0,0.0,-90.0,0.0,2.0,2.0,2.7522,ORE,0
BL2026-015-129,BL-2026-015,1220,45022.0,32124.0,1220.0,6.0,0.0,-90.0,2.0,4.0,2.0,2.8262,ORE,0
BL2026-015-129,BL-2026-015,1220,45022.0,32124.0,1220.0,6.0,0.0,-90.0,4.0,6.0,2.0,2.7577,ORE,0
BL2026-015-130,BL-2026-015,1220,45022.0,32130.0,1220.0,6.0,0.0,-90.0,0.0,2.0,2.0,1.4967,ORE,0
BL2026-015-130,BL-2026-015,1220,45022.0,32130.0,1220.0,6.0,0.0,-90.0,2.0,4.0,2.0,1.5271,ORE,0
BL2026-015-130,BL-2026-015,1220,45022.0,32130.0,1220.0,6.0,0.0,-90.0,4.0,6.0,2.0,1.4905,ORE,0
BL2026-015-131,BL-2026-015,1220,45022.0,32136.0,1220.0,6.0,0.0,-90.0,0.0,2.0,2.0,0.2346,WASTE,0
BL2026-015-131,BL-2026-015,1220,45022.0,32136.0,1220.0,6.0,0.0,-90.0,2.0,4.0,2.0,0.1927,WASTE,0
BL2026-015-131,BL-2026-015,1220,45022.0,32136.0,1220.0,6.0,0.0,-90.0,4.0,6.0,2.0,0.1961,WASTE,0
BL2026-015-132,BL-2026-015,1220,45022.0,32142.0,1220.0,6.0,0.0,-90.0,0.0,2.0,2.0,0.1416,WASTE,0
BL2026-015-132,BL-2026-015,1220,45022.0,32142.0,1220.0,6.0,0.0,-90.0,2.0,4.0,2.0,0.1252,WASTE,0
BL2026-015-132,BL-2026-015,1220,45022.0,32142.0,1220.0,6.0,0.0,-90.0,4.0,6.0,2.0,0.1343,WASTE,0
BL2026-015-133,BL-2026-015,1220,45022.0,32148.0,1220.0,6.0,0.0,-90.0,0.0,2.0,2.0,0.1336,WASTE,0
BL2026-015-133,BL-2026-015,1220,45022.0,32148.0,1220.0,6.0,0.0,-90.0,2.0,4.0,2.0,0.1998,WASTE,0
BL2026-015-133,BL-2026-015,1220,45022.0,32148.0,1220.0,6.0,0.0,-90.0,4.0,6.0,2.0,0.2471,WASTE,0
BL2026-015-134,BL-2026-015,1220,45022.0,32154.0,1220.0,6.0,0.0,-90.0,0.0,2.0,2.0,0.1218,WASTE,0
BL2026-015-134,BL-2026-015,1220,45022.0,32154.0,1220.0,6.0,0.0,-90.0,2.0,4.0,2.0,0.085,WASTE,0
BL2026-015-134,BL-2026-015,1220,45022.0,32154.0,1220.0,6.0,0.0,-90.0,4.0,6.0,2.0,0.0923,WASTE,0
BL2026-015-135,BL-2026-015,1220,45022.0,32160.0,1220.0,6.0,0.0,-90.0,0.0,2.0,2.0,0.1696,WASTE,0
BL2026-015-135,BL-2026-015,1220,45022.0,32160.0,1220.0,6.0,0.0,-90.0,2.0,4.0,2.0,0.2746,WASTE,0
BL2026-015-135,BL-2026-015,1220,45022.0,32160.0,1220.0,6.0,0.0,-90.0,4.0,6.0,2.0,0.1921,WASTE,0
BL2026-015-136,BL-2026-015,1220,45022.0,32166.0,1220.0,6.0,0.0,-90.0,0.0,2.0,2.0,0.3061,WASTE,0
BL2026-015-136,BL-2026-015,1220,45022.0,32166.0,1220.0,6.0,0.0,-90.0,2.0,4.0,2.0,0.2993,WASTE,0
BL2026-015-136,BL-2026-015,1220,45022.0,32166.0,1220.0,6.0,0.0,-90.0,4.0,6.0,2.0,0.269,WASTE,0
BL2026-015-137,BL-2026-015,1220,45028.0,32070.0,1220.0,6.0,0.0,-90.0,0.0,2.0,2.0,0.1754,WASTE,0
BL2026-015-137,BL-2026-015,1220,45028.0,32070.0,1220.0,6.0,0.0,-90.0,2.0,4.0,2.0,0.1138,WASTE,0
BL2026-015-137,BL-2026-015,1220,45028.0,32070.0,1220.0,6.0,0.0,-90.0,4.0,6.0,2.0,0.1445,WASTE,0
BL2026-015-138,BL-2026-015,1220,45028.0,32076.0,1220.0,6.0,0.0,-90.0,0.0,2.0,2.0,0.1557,WASTE,0
BL2026-015-138,BL-2026-015,1220,45028.0,32076.0,1220.0,6.0,0.0,-90.0,2.0,4.0,2.0,0.0962,WASTE,0
BL2026-015-138,BL-2026-015,1220,45028.0,32076.0,1220.0,6.0,0.0,-90.0,4.0,6.0,2.0,0.0651,WASTE,0
BL2026-015-139,BL-2026-015,1220,45028.0,32082.0,1220.0,6.0,0.0,-90.0,0.0,2.0,2.0,0.239,WASTE,0
BL2026-015-139,BL-2026-015,1220,45028.0,32082.0,1220.0,6.0,0.0,-90.0,2.0,4.0,2.0,0.2695,WASTE,0
BL2026-015-139,BL-2026-015,1220,45028.0,32082.0,1220.0,6.0,0.0,-90.0,4.0,6.0,2.0,0.1632,WASTE,0
BL2026-015-140,BL-2026-015,1220,45028.0,32088.0,1220.0,6.0,0.0,-90.0,0.0,2.0,2.0,0.1138,WASTE,0
BL2026-015-140,BL-2026-015,1220,45028.0,32088.0,1220.0,6.0,0.0,-90.0,2.0,4.0,2.0,0.1457,WASTE,0
BL2026-015-140,BL-2026-015,1220,45028.0,32088.0,1220.0,6.0,0.0,-90.0,4.0,6.0,2.0,0.1372,WASTE,0
BL2026-015-141,BL-2026-015,1220,45028.0,32094.0,1220.0,6.0,0.0,-90.0,0.0,2.0,2.0,0.2811,WASTE,0
BL2026-015-141,BL-2026-015,1220,45028.0,32094.0,1220.0,6.0,0.0,-90.0,2.0,4.0,2.0,0.1894,WASTE,0
BL2026-015-141,BL-2026-015,1220,45028.0,32094.0,1220.0,6.0,0.0,-90.0,4.0,6.0,2.0,0.1961,WASTE,0
BL2026-015-142,BL-2026-015,1220,45028.0,32100.0,1220.0,6.0,0.0,-90.0,0.0,2.0,2.0,0.1859,WASTE,0
BL2026-015-142,BL-2026-015,1220,45028.0,32100.0,1220.0,6.0,0.0,-90.0,2.0,4.0,2.0,0.1869,WASTE,0
BL2026-015-142,BL-2026-015,1220,45028.0,32100.0,1220.0,6.0,0.0,-90.0,4.0,6.0,2.0,0.1976,WASTE,0
BL2026-015-143,BL-2026-015,1220,45028.0,32106.0,1220.0,6.0,0.0,-90.0,0.0,2.0,2.0,1.2159,ORE,0
BL2026-015-143,BL-2026-015,1220,45028.0,32106.0,1220.0,6.0,0.0,-90.0,2.0,4.0,2.0,1.2165,ORE,0
BL2026-015-143,BL-2026-015,1220,45028.0,32106.0,1220.0,6.0,0.0,-90.0,4.0,6.0,2.0,1.1706,ORE,0
BL2026-015-144,BL-2026-015,1220,45028.0,32112.0,1220.0,6.0,0.0,-90.0,0.0,2.0,2.0,0.298,WASTE,0
BL2026-015-144,BL-2026-015,1220,45028.0,32112.0,1220.0,6.0,0.0,-90.0,2.0,4.0,2.0,0.266,WASTE,0
BL2026-015-144,BL-2026-015,1220,45028.0,32112.0,1220.0,6.0,0.0,-90.0,4.0,6.0,2.0,0.3133,WASTE,0
BL2026-015-145,BL-2026-015,1220,45028.0,32118.0,1220.0,6.0,0.0,-90.0,0.0,2.0,2.0,0.2389,WASTE,0
BL2026-015-145,BL-2026-015,1220,45028.0,32118.0,1220.0,6.0,0.0,-90.0,2.0,4.0,2.0,0.238,WASTE,0
BL2026-015-145,BL-2026-015,1220,45028.0,32118.0,1220.0,6.0,0.0,-90.0,4.0,6.0,2.0,0.3099,WASTE,0
BL2026-015-146,BL-2026-015,1220,45028.0,32124.0,1220.0,6.0,0.0,-90.0,0.0,2.0,2.0,0.1704,WASTE,0
BL2026-015-146,BL-2026-015,1220,45028.0,32124.0,1220.0,6.0,0.0,-90.0,2.0,4.0,2.0,0.1926,WASTE,0
BL2026-015-146,BL-2026-015,1220,45028.0,32124.0,1220.0,6.0,0.0,-90.0,4.0,6.0,2.0,0.1955,WASTE,0
BL2026-015-147,BL-2026-015,1220,45028.0,32130.0,1220.0,6.0,0.0,-90.0,0.0,2.0,2.0,2.1683,ORE,0
BL2026-015-147,BL-2026-015,1220,45028.0,32130.0,1220.0,6.0,0.0,-90.0,2.0,4.0,2.0,2.2033,ORE,0
BL2026-015-147,BL-2026-015,1220,45028.0,32130.0,1220.0,6.0,0.0,-90.0,4.0,6.0,2.0,2.1797,ORE,0
BL2026-015-148,BL-2026-015,1220,45028.0,32136.0,1220.0,6.0,0.0,-90.0,0.0,2.0,2.0,0.0753,WASTE,0
BL2026-015-148,BL-2026-015,1220,45028.0,32136.0,1220.0,6.0,0.0,-90.0,2.0,4.0,2.0,0.0165,WASTE,0
BL2026-015-148,BL-2026-015,1220,45028.0,32136.0,1220.0,6.0,0.0,-90.0,4.0,6.0,2.0,0.1033,WASTE,0
BL2026-015-149,BL-2026-015,1220,45028.0,32142.0,1220.0,6.0,0.0,-90.0,0.0,2.0,2.0,0.1917,WASTE,0
BL2026-015-149,BL-2026-015,1220,45028.0,32142.0,1220.0,6.0,0.0,-90.0,2.0,4.0,2.0,0.2325,WASTE,0
BL2026-015-149,BL-2026-015,1220,45028.0,32142.0,1220.0,6.0,0.0,-90.0,4.0,6.0,2.0,0.255,WASTE,0
BL2026-015-150,BL-2026-015,1220,45028.0,32148.0,1220.0,6.0,0.0,-90.0,0.0,2.0,2.0,0.1484,WASTE,0
BL2026-015-150,BL-2026-015,1220,45028.0,32148.0,1220.0,6.0,0.0,-90.0,2.0,4.0,2.0,0.0979,WASTE,0
BL2026-015-150,BL-2026-015,1220,45028.0,32148.0,1220.0,6.0,0.0,-90.0,4.0,6.0,2.0,0.1615,WASTE,0
BL2026-015-151,BL-2026-015,1220,45028.0,32154.0,1220.0,6.0,0.0,-90.0,0.0,2.0,2.0,0.1184,WASTE,0
BL2026-015-151,BL-2026-015,1220,45028.0,32154.0,1220.0,6.0,0.0,-90.0,2.0,4.0,2.0,0.1477,WASTE,0
BL2026-015-151,BL-2026-015,1220,45028.0,32154.0,1220.0,6.0,0.0,-90.0,4.0,6.0,2.0,0.1919,WASTE,0
BL2026-015-152,BL-2026-015,1220,45028.0,32160.0,1220.0,6.0,0.0,-90.0,0.0,2.0,2.0,0.2042,WASTE,0
BL2026-015-152,BL-2026-015,1220,45028.0,32160.0,1220.0,6.0,0.0,-90.0,2.0,4.0,2.0,0.2637,WASTE,0
BL2026-015-152,BL-2026-015,1220,45028.0,32160.0,1220.0,6.0,0.0,-90.0,4.0,6.0,2.0,0.2196,WASTE,0
BL2026-015-153,BL-2026-015,1220,45028.0,32166.0,1220.0,6.0,0.0,-90.0,0.0,2.0,2.0,0.0635,WASTE,0
BL2026-015-153,BL-2026-015,1220,45028.0,32166.0,1220.0,6.0,0.0,-90.0,2.0,4.0,2.0,0.0833,WASTE,0
BL2026-015-153,BL-2026-015,1220,45028.0,32166.0,1220.0,6.0,0.0,-90.0,4.0,6.0,2.0,0.0404,WASTE,0
BL2026-015-154,BL-2026-015,1220,45034.0,32070.0,1220.0,6.0,0.0,-90.0,0.0,2.0,2.0,0.1042,WASTE,0
BL2026-015-154,BL-2026-015,1220,45034.0,32070.0,1220.0,6.0,0.0,-90.0,2.0,4.0,2.0,0.0634,WASTE,0
BL2026-015-154,BL-2026-015,1220,45034.0,32070.0,1220.0,6.0,0.0,-90.0,4.0,6.0,2.0,0.0823,WASTE,0
BL2026-015-155,BL-2026-015,1220,45034.0,32076.0,1220.0,6.0,0.0,-90.0,0.0,2.0,2.0,0.1723,WASTE,0
BL2026-015-155,BL-2026-015,1220,45034.0,32076.0,1220.0,6.0,0.0,-90.0,2.0,4.0,2.0,0.1338,WASTE,0
BL2026-015-155,BL-2026-015,1220,45034.0,32076.0,1220.0,6.0,0.0,-90.0,4.0,6.0,2.0,0.1917,WASTE,0
BL2026-015-156,BL-2026-015,1220,45034.0,32082.0,1220.0,6.0,0.0,-90.0,0.0,2.0,2.0,0.131,WASTE,0
BL2026-015-156,BL-2026-015,1220,45034.0,32082.0,1220.0,6.0,0.0,-90.0,2.0,4.0,2.0,0.2081,WASTE,0
BL2026-015-156,BL-2026-015,1220,45034.0,32082.0,1220.0,6.0,0.0,-90.0,4.0,6.0,2.0,0.0603,WASTE,0
BL2026-015-157,BL-2026-015,1220,45034.0,32088.0,1220.0,6.0,0.0,-90.0,0.0,2.0,2.0,0.0737,WASTE,0
BL2026-015-157,BL-2026-015,1220,45034.0,32088.0,1220.0,6.0,0.0,-90.0,2.0,4.0,2.0,0.0946,WASTE,0
BL2026-015-157,BL-2026-015,1220,45034.0,32088.0,1220.0,6.0,0.0,-90.0,4.0,6.0,2.0,0.058,WASTE,0
BL2026-015-158,BL-2026-015,1220,45034.0,32094.0,1220.0,6.0,0.0,-90.0,0.0,2.0,2.0,0.1205,WASTE,0
BL2026-015-158,BL-2026-015,1220,45034.0,32094.0,1220.0,6.0,0.0,-90.0,2.0,4.0,2.0,0.0817,WASTE,0
BL2026-015-158,BL-2026-015,1220,45034.0,32094.0,1220.0,6.0,0.0,-90.0,4.0,6.0,2.0,0.0866,WASTE,0
BL2026-015-159,BL-2026-015,1220,45034.0,32100.0,1220.0,6.0,0.0,-90.0,0.0,2.0,2.0,0.1714,WASTE,0
BL2026-015-159,BL-2026-015,1220,45034.0,32100.0,1220.0,6.0,0.0,-90.0,2.0,4.0,2.0,0.244,WASTE,0
BL2026-015-159,BL-2026-015,1220,45034.0,32100.0,1220.0,6.0,0.0,-90.0,4.0,6.0,2.0,0.2044,WASTE,0
BL2026-015-160,BL-2026-015,1220,45034.0,32106.0,1220.0,6.0,0.0,-90.0,0.0,2.0,2.0,0.6343,WASTE,0
BL2026-015-160,BL-2026-015,1220,45034.0,32106.0,1220.0,6.0,0.0,-90.0,2.0,4.0,2.0,0.5663,WASTE,0
BL2026-015-160,BL-2026-015,1220,45034.0,32106.0,1220.0,6.0,0.0,-90.0,4.0,6.0,2.0,0.5543,WASTE,0
BL2026-015-161,BL-2026-015,1220,45034.0,32112.0,1220.0,6.0,0.0,-90.0,0.0,2.0,2.0,2.4519,ORE,0
BL2026-015-161,BL-2026-015,1220,45034.0,32112.0,1220.0,6.0,0.0,-90.0,2.0,4.0,2.0,2.4238,ORE,0
BL2026-015-161,BL-2026-015,1220,45034.0,32112.0,1220.0,6.0,0.0,-90.0,4.0,6.0,2.0,2.442,ORE,0
BL2026-015-162,BL-2026-015,1220,45034.0,32118.0,1220.0,6.0,0.0,-90.0,0.0,2.0,2.0,0.2231,WASTE,0
BL2026-015-162,BL-2026-015,1220,45034.0,32118.0,1220.0,6.0,0.0,-90.0,2.0,4.0,2.0,0.2286,WASTE,0
BL2026-015-162,BL-2026-015,1220,45034.0,32118.0,1220.0,6.0,0.0,-90.0,4.0,6.0,2.0,0.1615,WASTE,0
BL2026-015-163,BL-2026-015,1220,45034.0,32124.0,1220.0,6.0,0.0,-90.0,0.0,2.0,2.0,3.2931,ORE,0
BL2026-015-163,BL-2026-015,1220,45034.0,32124.0,1220.0,6.0,0.0,-90.0,2.0,4.0,2.0,3.3664,ORE,0
BL2026-015-163,BL-2026-015,1220,45034.0,32124.0,1220.0,6.0,0.0,-90.0,4.0,6.0,2.0,3.24,ORE,0
BL2026-015-164,BL-2026-015,1220,45034.0,32130.0,1220.0,6.0,0.0,-90.0,0.0,2.0,2.0,2.376,ORE,0
BL2026-015-164,BL-2026-015,1220,45034.0,32130.0,1220.0,6.0,0.0,-90.0,2.0,4.0,2.0,2.3539,ORE,0
BL2026-015-164,BL-2026-015,1220,45034.0,32130.0,1220.0,6.0,0.0,-90.0,4.0,6.0,2.0,2.4252,ORE,0
BL2026-015-165,BL-2026-015,1220,45034.0,32136.0,1220.0,6.0,0.0,-90.0,0.0,2.0,2.0,0.4574,WASTE,0
BL2026-015-165,BL-2026-015,1220,45034.0,32136.0,1220.0,6.0,0.0,-90.0,2.0,4.0,2.0,0.463,WASTE,0
BL2026-015-165,BL-2026-015,1220,45034.0,32136.0,1220.0,6.0,0.0,-90.0,4.0,6.0,2.0,0.4471,WASTE,0
BL2026-015-166,BL-2026-015,1220,45034.0,32142.0,1220.0,6.0,0.0,-90.0,0.0,2.0,2.0,0.0897,WASTE,0
BL2026-015-166,BL-2026-015,1220,45034.0,32142.0,1220.0,6.0,0.0,-90.0,2.0,4.0,2.0,0.0069,WASTE,0
BL2026-015-166,BL-2026-015,1220,45034.0,32142.0,1220.0,6.0,0.0,-90.0,4.0,6.0,2.0,0.1177,WASTE,0
BL2026-015-167,BL-2026-015,1220,45034.0,32148.0,1220.0,6.0,0.0,-90.0,0.0,2.0,2.0,0.2001,WASTE,0
BL2026-015-167,BL-2026-015,1220,45034.0,32148.0,1220.0,6.0,0.0,-90.0,2.0,4.0,2.0,0.1667,WASTE,0
BL2026-015-167,BL-2026-015,1220,45034.0,32148.0,1220.0,6.0,0.0,-90.0,4.0,6.0,2.0,0.2074,WASTE,0
BL2026-015-168,BL-2026-015,1220,45034.0,32154.0,1220.0,6.0,0.0,-90.0,0.0,2.0,2.0,0.2016,WASTE,0
BL2026-015-168,BL-2026-015,1220,45034.0,32154.0,1220.0,6.0,0.0,-90.0,2.0,4.0,2.0,0.1698,WASTE,0
BL2026-015-168,BL-2026-015,1220,45034.0,32154.0,1220.0,6.0,0.0,-90.0,4.0,6.0,2.0,0.0958,WASTE,0
BL2026-015-169,BL-2026-015,1220,45034.0,32160.0,1220.0,6.0,0.0,-90.0,0.0,2.0,2.0,0.0568,WASTE,0
BL2026-015-169,BL-2026-015,1220,45034.0,32160.0,1220.0,6.0,0.0,-90.0,2.0,4.0,2.0,0.0916,WASTE,0
BL2026-015-169,BL-2026-015,1220,45034.0,32160.0,1220.0,6.0,0.0,-90.0,4.0,6.0,2.0,0.0931,WASTE,0
BL2026-015-170,BL-2026-015,1220,45034.0,32166.0,1220.0,6.0,0.0,-90.0,0.0,2.0,2.0,0.017,WASTE,0
BL2026-015-170,BL-2026-015,1220,45034.0,32166.0,1220.0,6.0,0.0,-90.0,2.0,4.0,2.0,0.0868,WASTE,0
BL2026-015-170,BL-2026-015,1220,45034.0,32166.0,1220.0,6.0,0.0,-90.0,4.0,6.0,2.0,0.0483,WASTE,0
BL2026-015-171,BL-2026-015,1220,45040.0,32070.0,1220.0,6.0,0.0,-90.0,0.0,2.0,2.0,0.0793,WASTE,0
BL2026-015-171,BL-2026-015,1220,45040.0,32070.0,1220.0,6.0,0.0,-90.0,2.0,4.0,2.0,0.0561,WASTE,0
BL2026-015-171,BL-2026-015,1220,45040.0,32070.0,1220.0,6.0,0.0,-90.0,4.0,6.0,2.0,0.0914,WASTE,0
BL2026-015-172,BL-2026-015,1220,45040.0,32076.0,1220.0,6.0,0.0,-90.0,0.0,2.0,2.0,0.0811,WASTE,0
BL2026-015-172,BL-2026-015,1220,45040.0,32076.0,1220.0,6.0,0.0,-90.0,2.0,4.0,2.0,0.1031,WASTE,0
BL2026-015-172,BL-2026-015,1220,45040.0,32076.0,1220.0,6.0,0.0,-90.0,4.0,6.0,2.0,0.0981,WASTE,0
BL2026-015-173,BL-2026-015,1220,45040.0,32082.0,1220.0,6.0,0.0,-90.0,0.0,2.0,2.0,0.155,WASTE,0
BL2026-015-173,BL-2026-015,1220,45040.0,32082.0,1220.0,6.0,0.0,-90.0,2.0,4.0,2.0,0.1574,WASTE,0
BL2026-015-173,BL-2026-015,1220,45040.0,32082.0,1220.0,6.0,0.0,-90.0,4.0,6.0,2.0,0.206,WASTE,0
BL2026-015-174,BL-2026-015,1220,45040.0,32088.0,1220.0,6.0,0.0,-90.0,0.0,2.0,2.0,0.1242,WASTE,0
BL2026-015-174,BL-2026-015,1220,45040.0,32088.0,1220.0,6.0,0.0,-90.0,2.0,4.0,2.0,0.1479,WASTE,0
BL2026-015-174,BL-2026-015,1220,45040.0,32088.0,1220.0,6.0,0.0,-90.0,4.0,6.0,2.0,0.1551,WASTE,0
BL2026-015-175,BL-2026-015,1220,45040.0,32094.0,1220.0,6.0,0.0,-90.0,0.0,2.0,2.0,0.1834,WASTE,0
BL2026-015-175,BL-2026-015,1220,45040.0,32094.0,1220.0,6.0,0.0,-90.0,2.0,4.0,2.0,0.068,WASTE,0
BL2026-015-175,BL-2026-015,1220,45040.0,32094.0,1220.0,6.0,0.0,-90.0,4.0,6.0,2.0,0.1708,WASTE,0
BL2026-015-176,BL-2026-015,1220,45040.0,32100.0,1220.0,6.0,0.0,-90.0,0.0,2.0,2.0,0.1134,WASTE,0
BL2026-015-176,BL-2026-015,1220,45040.0,32100.0,1220.0,6.0,0.0,-90.0,2.0,4.0,2.0,0.0702,WASTE,0
BL2026-015-176,BL-2026-015,1220,45040.0,32100.0,1220.0,6.0,0.0,-90.0,4.0,6.0,2.0,0.121,WASTE,0
BL2026-015-177,BL-2026-015,1220,45040.0,32106.0,1220.0,6.0,0.0,-90.0,0.0,2.0,2.0,0.1754,WASTE,0
BL2026-015-177,BL-2026-015,1220,45040.0,32106.0,1220.0,6.0,0.0,-90.0,2.0,4.0,2.0,0.1464,WASTE,0
BL2026-015-177,BL-2026-015,1220,45040.0,32106.0,1220.0,6.0,0.0,-90.0,4.0,6.0,2.0,0.1161,WASTE,0
BL2026-015-178,BL-2026-015,1220,45040.0,32112.0,1220.0,6.0,0.0,-90.0,0.0,2.0,2.0,1.6288,ORE,0
BL2026-015-178,BL-2026-015,1220,45040.0,32112.0,1220.0,6.0,0.0,-90.0,2.0,4.0,2.0,1.5831,ORE,0
BL2026-015-178,BL-2026-015,1220,45040.0,32112.0,1220.0,6.0,0.0,-90.0,4.0,6.0,2.0,1.7067,ORE,0
BL2026-015-179,BL-2026-015,1220,45040.0,32118.0,1220.0,6.0,0.0,-90.0,0.0,2.0,2.0,2.7972,ORE,0
BL2026-015-179,BL-2026-015,1220,45040.0,32118.0,1220.0,6.0,0.0,-90.0,2.0,4.0,2.0,2.8309,ORE,0
BL2026-015-179,BL-2026-015,1220,45040.0,32118.0,1220.0,6.0,0.0,-90.0,4.0,6.0,2.0,2.7255,ORE,0
BL2026-015-180,BL-2026-015,1220,45040.0,32124.0,1220.0,6.0,0.0,-90.0,0.0,2.0,2.0,2.9491,ORE,0
BL2026-015-180,BL-2026-015,1220,45040.0,32124.0,1220.0,6.0,0.0,-90.0,2.0,4.0,2.0,3.064,ORE,0
BL2026-015-180,BL-2026-015,1220,45040.0,32124.0,1220.0,6.0,0.0,-90.0,4.0,6.0,2.0,3.0366,ORE,0
BL2026-015-181,BL-2026-015,1220,45040.0,32130.0,1220.0,6.0,0.0,-90.0,0.0,2.0,2.0,2.2706,ORE,0
BL2026-015-181,BL-2026-015,1220,45040.0,32130.0,1220.0,6.0,0.0,-90.0,2.0,4.0,2.0,2.2182,ORE,0
BL2026-015-181,BL-2026-015,1220,45040.0,32130.0,1220.0,6.0,0.0,-90.0,4.0,6.0,2.0,2.1894,ORE,0
BL2026-015-182,BL-2026-015,1220,45040.0,32136.0,1220.0,6.0,0.0,-90.0,0.0,2.0,2.0,0.5039,WASTE,0
BL2026-015-182,BL-2026-015,1220,45040.0,32136.0,1220.0,6.0,0.0,-90.0,2.0,4.0,2.0,0.4385,WASTE,0
BL2026-015-182,BL-2026-015,1220,45040.0,32136.0,1220.0,6.0,0.0,-90.0,4.0,6.0,2.0,0.4433,WASTE,0
BL2026-015-183,BL-2026-015,1220,45040.0,32142.0,1220.0,6.0,0.0,-90.0,0.0,2.0,2.0,0.0897,WASTE,0
BL2026-015-183,BL-2026-015,1220,45040.0,32142.0,1220.0,6.0,0.0,-90.0,2.0,4.0,2.0,0.1439,WASTE,0
BL2026-015-183,BL-2026-015,1220,45040.0,32142.0,1220.0,6.0,0.0,-90.0,4.0,6.0,2.0,0.104,WASTE,0
BL2026-015-184,BL-2026-015,1220,45040.0,32148.0,1220.0,6.0,0.0,-90.0,0.0,2.0,2.0,0.3183,WASTE,0
BL2026-015-184,BL-2026-015,1220,45040.0,32148.0,1220.0,6.0,0.0,-90.0,2.0,4.0,2.0,0.2164,WASTE,0
BL2026-015-184,BL-2026-015,1220,45040.0,32148.0,1220.0,6.0,0.0,-90.0,4.0,6.0,2.0,0.1899,WASTE,0
BL2026-015-185,BL-2026-015,1220,45040.0,32154.0,1220.0,6.0,0.0,-90.0,0.0,2.0,2.0,0.0934,WASTE,0
BL2026-015-185,BL-2026-015,1220,45040.0,32154.0,1220.0,6.0,0.0,-90.0,2.0,4.0,2.0,0.126,WASTE,0
BL2026-015-185,BL-2026-015,1220,45040.0,32154.0,1220.0,6.0,0.0,-90.0,4.0,6.0,2.0,0.0579,WASTE,0
BL2026-015-186,BL-2026-015,1220,45040.0,32160.0,1220.0,6.0,0.0,-90.0,0.0,2.0,2.0,0.1835,WASTE,0
BL2026-015-186,BL-2026-015,1220,45040.0,32160.0,1220.0,6.0,0.0,-90.0,2.0,4.0,2.0,0.1467,WASTE,0
BL2026-015-186,BL-2026-015,1220,45040.0,32160.0,1220.0,6.0,0.0,-90.0,4.0,6.0,2.0,0.1752,WASTE,0
BL2026-015-187,BL-2026-015,1220,45040.0,32166.0,1220.0,6.0,0.0,-90.0,0.0,2.0,2.0,0.1005,WASTE,0
BL2026-015-187,BL-2026-015,1220,45040.0,32166.0,1220.0,6.0,0.0,-90.0,2.0,4.0,2.0,0.1632,WASTE,0
BL2026-015-187,BL-2026-015,1220,45040.0,32166.0,1220.0,6.0,0.0,-90.0,4.0,6.0,2.0,0.1014,WASTE,0
BL2026-015-188,BL-2026-015,1220,45046.0,32070.0,1220.0,6.0,0.0,-90.0,0.0,2.0,2.0,0.1819,WASTE,0
BL2026-015-188,BL-2026-015,1220,45046.0,32070.0,1220.0,6.0,0.0,-90.0,2.0,4.0,2.0,0.1255,WASTE,0
BL2026-015-188,BL-2026-015,1220,45046.0,32070.0,1220.0,6.0,0.0,-90.0,4.0,6.0,2.0,0.1787,WASTE,0
BL2026-015-189,BL-2026-015,1220,45046.0,32076.0,1220.0,6.0,0.0,-90.0,0.0,2.0,2.0,0.1124,WASTE,0
BL2026-015-189,BL-2026-015,1220,45046.0,32076.0,1220.0,6.0,0.0,-90.0,2.0,4.0,2.0,0.097,WASTE,0
BL2026-015-189,BL-2026-015,1220,45046.0,32076.0,1220.0,6.0,0.0,-90.0,4.0,6.0,2.0,0.187,WASTE,0
BL2026-015-190,BL-2026-015,1220,45046.0,32082.0,1220.0,6.0,0.0,-90.0,0.0,2.0,2.0,0.1092,WASTE,0
BL2026-015-190,BL-2026-015,1220,45046.0,32082.0,1220.0,6.0,0.0,-90.0,2.0,4.0,2.0,0.1012,WASTE,0
BL2026-015-190,BL-2026-015,1220,45046.0,32082.0,1220.0,6.0,0.0,-90.0,4.0,6.0,2.0,0.0717,WASTE,0
BL2026-015-191,BL-2026-015,1220,45046.0,32088.0,1220.0,6.0,0.0,-90.0,0.0,2.0,2.0,0.1907,WASTE,0
BL2026-015-191,BL-2026-015,1220,45046.0,32088.0,1220.0,6.0,0.0,-90.0,2.0,4.0,2.0,0.1139,WASTE,0
BL2026-015-191,BL-2026-015,1220,45046.0,32088.0,1220.0,6.0,0.0,-90.0,4.0,6.0,2.0,0.0416,WASTE,0
BL2026-015-192,BL-2026-015,1220,45046.0,32094.0,1220.0,6.0,0.0,-90.0,0.0,2.0,2.0,0.0521,WASTE,0
BL2026-015-192,BL-2026-015,1220,45046.0,32094.0,1220.0,6.0,0.0,-90.0,2.0,4.0,2.0,0.0721,WASTE,0
BL2026-015-192,BL-2026-015,1220,45046.0,32094.0,1220.0,6.0,0.0,-90.0,4.0,6.0,2.0,0.0571,WASTE,0
BL2026-015-193,BL-2026-015,1220,45046.0,32100.0,1220.0,6.0,0.0,-90.0,0.0,2.0,2.0,0.2587,WASTE,0
BL2026-015-193,BL-2026-015,1220,45046.0,32100.0,1220.0,6.0,0.0,-90.0,2.0,4.0,2.0,0.221,WASTE,0
BL2026-015-193,BL-2026-015,1220,45046.0,32100.0,1220.0,6.0,0.0,-90.0,4.0,6.0,2.0,0.1738,WASTE,0
BL2026-015-194,BL-2026-015,1220,45046.0,32106.0,1220.0,6.0,0.0,-90.0,0.0,2.0,2.0,0.2008,WASTE,0
BL2026-015-194,BL-2026-015,1220,45046.0,32106.0,1220.0,6.0,0.0,-90.0,2.0,4.0,2.0,0.2387,WASTE,0
BL2026-015-194,BL-2026-015,1220,45046.0,32106.0,1220.0,6.0,0.0,-90.0,4.0,6.0,2.0,0.1523,WASTE,0
BL2026-015-195,BL-2026-015,1220,45046.0,32112.0,1220.0,6.0,0.0,-90.0,0.0,2.0,2.0,0.4146,WASTE,0
BL2026-015-195,BL-2026-015,1220,45046.0,32112.0,1220.0,6.0,0.0,-90.0,2.0,4.0,2.0,0.4458,WASTE,0
BL2026-015-195,BL-2026-015,1220,45046.0,32112.0,1220.0,6.0,0.0,-90.0,4.0,6.0,2.0,0.3971,WASTE,0
BL2026-015-196,BL-2026-015,1220,45046.0,32118.0,1220.0,6.0,0.0,-90.0,0.0,2.0,2.0,1.7635,ORE,0
BL2026-015-196,BL-2026-015,1220,45046.0,32118.0,1220.0,6.0,0.0,-90.0,2.0,4.0,2.0,1.6951,ORE,0
BL2026-015-196,BL-2026-015,1220,45046.0,32118.0,1220.0,6.0,0.0,-90.0,4.0,6.0,2.0,1.8024,ORE,0
BL2026-015-197,BL-2026-015,1220,45046.0,32124.0,1220.0,6.0,0.0,-90.0,0.0,2.0,2.0,2.1095,ORE,0
BL2026-015-197,BL-2026-015,1220,45046.0,32124.0,1220.0,6.0,0.0,-90.0,2.0,4.0,2.0,2.0416,ORE,0
BL2026-015-197,BL-2026-015,1220,45046.0,32124.0,1220.0,6.0,0.0,-90.0,4.0,6.0,2.0,2.1042,ORE,0
BL2026-015-198,BL-2026-015,1220,45046.0,32130.0,1220.0,6.0,0.0,-90.0,0.0,2.0,2.0,1.6015,ORE,0
BL2026-015-198,BL-2026-015,1220,45046.0,32130.0,1220.0,6.0,0.0,-90.0,2.0,4.0,2.0,1.5014,ORE,0
BL2026-015-198,BL-2026-015,1220,45046.0,32130.0,1220.0,6.0,0.0,-90.0,4.0,6.0,2.0,1.5503,ORE,0
BL2026-015-199,BL-2026-015,1220,45046.0,32136.0,1220.0,6.0,0.0,-90.0,0.0,2.0,2.0,0.1856,WASTE,0
BL2026-015-199,BL-2026-015,1220,45046.0,32136.0,1220.0,6.0,0.0,-90.0,2.0,4.0,2.0,0.2518,WASTE,0
BL2026-015-199,BL-2026-015,1220,45046.0,32136.0,1220.0,6.0,0.0,-90.0,4.0,6.0,2.0,0.1671,WASTE,0
BL2026-015-200,BL-2026-015,1220,45046.0,32142.0,1220.0,6.0,0.0,-90.0,0.0,2.0,2.0,0.1177,WASTE,0
BL2026-015-200,BL-2026-015,1220,45046.0,32142.0,1220.0,6.0,0.0,-90.0,2.0,4.0,2.0,0.1045,WASTE,0
BL2026-015-200,BL-2026-015,1220,45046.0,32142.0,1220.0,6.0,0.0,-90.0,4.0,6.0,2.0,0.2051,WASTE,0
BL2026-015-201,BL-2026-015,1220,45046.0,32148.0,1220.0,6.0,0.0,-90.0,0.0,2.0,2.0,0.2228,WASTE,0
BL2026-015-201,BL-2026-015,1220,45046.0,32148.0,1220.0,6.0,0.0,-90.0,2.0,4.0,2.0,0.1685,WASTE,0
BL2026-015-201,BL-2026-015,1220,45046.0,32148.0,1220.0,6.0,0.0,-90.0,4.0,6.0,2.0,0.1564,WASTE,0
BL2026-015-202,BL-2026-015,1220,45046.0,32154.0,1220.0,6.0,0.0,-90.0,0.0,2.0,2.0,0.126,WASTE,0
BL2026-015-202,BL-2026-015,1220,45046.0,32154.0,1220.0,6.0,0.0,-90.0,2.0,4.0,2.0,0.0744,WASTE,0
BL2026-015-202,BL-2026-015,1220,45046.0,32154.0,1220.0,6.0,0.0,-90.0,4.0,6.0,2.0,0.1203,WASTE,0
BL2026-015-203,BL-2026-015,1220,45046.0,32160.0,1220.0,6.0,0.0,-90.0,0.0,2.0,2.0,0.048,WASTE,0
BL2026-015-203,BL-2026-015,1220,45046.0,32160.0,1220.0,6.0,0.0,-90.0,2.0,4.0,2.0,0.1793,WASTE,0
BL2026-015-203,BL-2026-015,1220,45046.0,32160.0,1220.0,6.0,0.0,-90.0,4.0,6.0,2.0,0.0166,WASTE,0
BL2026-015-204,BL-2026-015,1220,45046.0,32166.0,1220.0,6.0,0.0,-90.0,0.0,2.0,2.0,0.2596,WASTE,0
BL2026-015-204,BL-2026-015,1220,45046.0,32166.0,1220.0,6.0,0.0,-90.0,2.0,4.0,2.0,0.1783,WASTE,0
BL2026-015-204,BL-2026-015,1220,45046.0,32166.0,1220.0,6.0,0.0,-90.0,4.0,6.0,2.0,0.1676,WASTE,0
BL2026-015-205,BL-2026-015,1220,45052.0,32070.0,1220.0,6.0,0.0,-90.0,0.0,2.0,2.0,0.2179,WASTE,0
BL2026-015-205,BL-2026-015,1220,45052.0,32070.0,1220.0,6.0,0.0,-90.0,2.0,4.0,2.0,0.1546,WASTE,0
BL2026-015-205,BL-2026-015,1220,45052.0,32070.0,1220.0,6.0,0.0,-90.0,4.0,6.0,2.0,0.0684,WASTE,0
BL2026-015-206,BL-2026-015,1220,45052.0,32076.0,1220.0,6.0,0.0,-90.0,0.0,2.0,2.0,0.045,WASTE,0
BL2026-015-206,BL-2026-015,1220,45052.0,32076.0,1220.0,6.0,0.0,-90.0,2.0,4.0,2.0,0.151,WASTE,0
BL2026-015-206,BL-2026-015,1220,45052.0,32076.0,1220.0,6.0,0.0,-90.0,4.0,6.0,2.0,0.1723,WASTE,0
BL2026-015-207,BL-2026-015,1220,45052.0,32082.0,1220.0,6.0,0.0,-90.0,0.0,2.0,2.0,0.1695,WASTE,0
BL2026-015-207,BL-2026-015,1220,45052.0,32082.0,1220.0,6.0,0.0,-90.0,2.0,4.0,2.0,0.2606,WASTE,0
BL2026-015-207,BL-2026-015,1220,45052.0,32082.0,1220.0,6.0,0.0,-90.0,4.0,6.0,2.0,0.1612,WASTE,0
BL2026-015-208,BL-2026-015,1220,45052.0,32088.0,1220.0,6.0,0.0,-90.0,0.0,2.0,2.0,0.0578,WASTE,0
BL2026-015-208,BL-2026-015,1220,45052.0,32088.0,1220.0,6.0,0.0,-90.0,2.0,4.0,2.0,0.0459,WASTE,0
BL2026-015-208,BL-2026-015,1220,45052.0,32088.0,1220.0,6.0,0.0,-90.0,4.0,6.0,2.0,0.1506,WASTE,0
BL2026-015-209,BL-2026-015,1220,45052.0,32094.0,1220.0,6.0,0.0,-90.0,0.0,2.0,2.0,0.0952,WASTE,0
BL2026-015-209,BL-2026-015,1220,45052.0,32094.0,1220.0,6.0,0.0,-90.0,2.0,4.0,2.0,0.1957,WASTE,0
BL2026-015-209,BL-2026-015,1220,45052.0,32094.0,1220.0,6.0,0.0,-90.0,4.0,6.0,2.0,0.1564,WASTE,0
BL2026-015-210,BL-2026-015,1220,45052.0,32100.0,1220.0,6.0,0.0,-90.0,0.0,2.0,2.0,0.1796,WASTE,0
BL2026-015-210,BL-2026-015,1220,45052.0,32100.0,1220.0,6.0,0.0,-90.0,2.0,4.0,2.0,0.0922,WASTE,0
BL2026-015-210,BL-2026-015,1220,45052.0,32100.0,1220.0,6.0,0.0,-90.0,4.0,6.0,2.0,0.1927,WASTE,0
BL2026-015-211,BL-2026-015,1220,45052.0,32106.0,1220.0,6.0,0.0,-90.0,0.0,2.0,2.0,0.1992,WASTE,0
BL2026-015-211,BL-2026-015,1220,45052.0,32106.0,1220.0,6.0,0.0,-90.0,2.0,4.0,2.0,0.1262,WASTE,0
BL2026-015-211,BL-2026-015,1220,45052.0,32106.0,1220.0,6.0,0.0,-90.0,4.0,6.0,2.0,0.1275,WASTE,0
BL2026-015-212,BL-2026-015,1220,45052.0,32112.0,1220.0,6.0,0.0,-90.0,0.0,2.0,2.0,0.1083,WASTE,0
BL2026-015-212,BL-2026-015,1220,45052.0,32112.0,1220.0,6.0,0.0,-90.0,2.0,4.0,2.0,0.0911,WASTE,0
BL2026-015-212,BL-2026-015,1220,45052.0,32112.0,1220.0,6.0,0.0,-90.0,4.0,6.0,2.0,0.0473,WASTE,0
BL2026-015-213,BL-2026-015,1220,45052.0,32118.0,1220.0,6.0,0.0,-90.0,0.0,2.0,2.0,0.1254,WASTE,0
BL2026-015-213,BL-2026-015,1220,45052.0,32118.0,1220.0,6.0,0.0,-90.0,2.0,4.0,2.0,0.0849,WASTE,0
BL2026-015-213,BL-2026-015,1220,45052.0,32118.0,1220.0,6.0,0.0,-90.0,4.0,6.0,2.0,0.1205,WASTE,0
BL2026-015-214,BL-2026-015,1220,45052.0,32124.0,1220.0,6.0,0.0,-90.0,0.0,2.0,2.0,0.8239,LOW_ORE,0
BL2026-015-214,BL-2026-015,1220,45052.0,32124.0,1220.0,6.0,0.0,-90.0,2.0,4.0,2.0,0.8268,LOW_ORE,0
BL2026-015-214,BL-2026-015,1220,45052.0,32124.0,1220.0,6.0,0.0,-90.0,4.0,6.0,2.0,0.8119,LOW_ORE,0
BL2026-015-215,BL-2026-015,1220,45052.0,32130.0,1220.0,6.0,0.0,-90.0,0.0,2.0,2.0,0.4901,WASTE,0
BL2026-015-215,BL-2026-015,1220,45052.0,32130.0,1220.0,6.0,0.0,-90.0,2.0,4.0,2.0,0.4675,WASTE,0
BL2026-015-215,BL-2026-015,1220,45052.0,32130.0,1220.0,6.0,0.0,-90.0,4.0,6.0,2.0,0.4545,WASTE,0
BL2026-015-216,BL-2026-015,1220,45052.0,32136.0,1220.0,6.0,0.0,-90.0,0.0,2.0,2.0,0.1508,WASTE,0
BL2026-015-216,BL-2026-015,1220,45052.0,32136.0,1220.0,6.0,0.0,-90.0,2.0,4.0,2.0,0.1748,WASTE,0
BL2026-015-216,BL-2026-015,1220,45052.0,32136.0,1220.0,6.0,0.0,-90.0,4.0,6.0,2.0,0.1694,WASTE,0
BL2026-015-217,BL-2026-015,1220,45052.0,32142.0,1220.0,6.0,0.0,-90.0,0.0,2.0,2.0,0.3393,WASTE,0
BL2026-015-217,BL-2026-015,1220,45052.0,32142.0,1220.0,6.0,0.0,-90.0,2.0,4.0,2.0,0.2551,WASTE,0
BL2026-015-217,BL-2026-015,1220,45052.0,32142.0,1220.0,6.0,0.0,-90.0,4.0,6.0,2.0,0.1902,WASTE,0
BL2026-015-218,BL-2026-015,1220,45052.0,32148.0,1220.0,6.0,0.0,-90.0,0.0,2.0,2.0,1.1686,ORE,0
BL2026-015-218,BL-2026-015,1220,45052.0,32148.0,1220.0,6.0,0.0,-90.0,2.0,4.0,2.0,1.1718,ORE,0
BL2026-015-218,BL-2026-015,1220,45052.0,32148.0,1220.0,6.0,0.0,-90.0,4.0,6.0,2.0,1.1208,ORE,0
BL2026-015-219,BL-2026-015,1220,45052.0,32154.0,1220.0,6.0,0.0,-90.0,0.0,2.0,2.0,1.3653,ORE,0
BL2026-015-219,BL-2026-015,1220,45052.0,32154.0,1220.0,6.0,0.0,-90.0,2.0,4.0,2.0,1.3831,ORE,0
BL2026-015-219,BL-2026-015,1220,45052.0,32154.0,1220.0,6.0,0.0,-90.0,4.0,6.0,2.0,1.4004,ORE,0
BL2026-015-220,BL-2026-015,1220,45052.0,32160.0,1220.0,6.0,0.0,-90.0,0.0,2.0,2.0,0.9472,LOW_ORE,0
BL2026-015-220,BL-2026-015,1220,45052.0,32160.0,1220.0,6.0,0.0,-90.0,2.0,4.0,2.0,0.8777,LOW_ORE,0
BL2026-015-220,BL-2026-015,1220,45052.0,32160.0,1220.0,6.0,0.0,-90.0,4.0,6.0,2.0,0.9031,LOW_ORE,0
BL2026-015-221,BL-2026-015,1220,45052.0,32166.0,1220.0,6.0,0.0,-90.0,0.0,2.0,2.0,0.0811,WASTE,0
BL2026-015-221,BL-2026-015,1220,45052.0,32166.0,1220.0,6.0,0.0,-90.0,2.0,4.0,2.0,0.1042,WASTE,0
BL2026-015-221,BL-2026-015,1220,45052.0,32166.0,1220.0,6.0,0.0,-90.0,4.0,6.0,2.0,0.1592,WASTE,0
BL2026-015-222,BL-2026-015,1220,45058.0,32070.0,1220.0,6.0,0.0,-90.0,0.0,2.0,2.0,0.1754,WASTE,0
BL2026-015-222,BL-2026-015,1220,45058.0,32070.0,1220.0,6.0,0.0,-90.0,2.0,4.0,2.0,0.1379,WASTE,0
BL2026-015-222,BL-2026-015,1220,45058.0,32070.0,1220.0,6.0,0.0,-90.0,4.0,6.0,2.0,0.0867,WASTE,0
BL2026-015-223,BL-2026-015,1220,45058.0,32076.0,1220.0,6.0,0.0,-90.0,0.0,2.0,2.0,0.1813,WASTE,0
BL2026-015-223,BL-2026-015,1220,45058.0,32076.0,1220.0,6.0,0.0,-90.0,2.0,4.0,2.0,0.1551,WASTE,0
BL2026-015-223,BL-2026-015,1220,45058.0,32076.0,1220.0,6.0,0.0,-90.0,4.0,6.0,2.0,0.2142,WASTE,0
BL2026-015-224,BL-2026-015,1220,45058.0,32082.0,1220.0,6.0,0.0,-90.0,0.0,2.0,2.0,0.2005,WASTE,0
BL2026-015-224,BL-2026-015,1220,45058.0,32082.0,1220.0,6.0,0.0,-90.0,2.0,4.0,2.0,0.237,WASTE,0
BL2026-015-224,BL-2026-015,1220,45058.0,32082.0,1220.0,6.0,0.0,-90.0,4.0,6.0,2.0,0.1424,WASTE,0
BL2026-015-225,BL-2026-015,1220,45058.0,32088.0,1220.0,6.0,0.0,-90.0,0.0,2.0,2.0,0.0795,WASTE,0
BL2026-015-225,BL-2026-015,1220,45058.0,32088.0,1220.0,6.0,0.0,-90.0,2.0,4.0,2.0,0.0705,WASTE,0
BL2026-015-225,BL-2026-015,1220,45058.0,32088.0,1220.0,6.0,0.0,-90.0,4.0,6.0,2.0,0.1196,WASTE,0
BL2026-015-226,BL-2026-015,1220,45058.0,32094.0,1220.0,6.0,0.0,-90.0,0.0,2.0,2.0,0.0753,WASTE,0
BL2026-015-226,BL-2026-015,1220,45058.0,32094.0,1220.0,6.0,0.0,-90.0,2.0,4.0,2.0,0.1329,WASTE,0
BL2026-015-226,BL-2026-015,1220,45058.0,32094.0,1220.0,6.0,0.0,-90.0,4.0,6.0,2.0,0.188,WASTE,0
BL2026-015-227,BL-2026-015,1220,45058.0,32100.0,1220.0,6.0,0.0,-90.0,0.0,2.0,2.0,0.2229,WASTE,0
BL2026-015-227,BL-2026-015,1220,45058.0,32100.0,1220.0,6.0,0.0,-90.0,2.0,4.0,2.0,0.186,WASTE,0
BL2026-015-227,BL-2026-015,1220,45058.0,32100.0,1220.0,6.0,0.0,-90.0,4.0,6.0,2.0,0.1898,WASTE,0
BL2026-015-228,BL-2026-015,1220,45058.0,32106.0,1220.0,6.0,0.0,-90.0,0.0,2.0,2.0,0.0384,WASTE,0
BL2026-015-228,BL-2026-015,1220,45058.0,32106.0,1220.0,6.0,0.0,-90.0,2.0,4.0,2.0,0.0762,WASTE,0
BL2026-015-228,BL-2026-015,1220,45058.0,32106.0,1220.0,6.0,0.0,-90.0,4.0,6.0,2.0,0.0354,WASTE,0
BL2026-015-229,BL-2026-015,1220,45058.0,32112.0,1220.0,6.0,0.0,-90.0,0.0,2.0,2.0,0.2213,WASTE,0
BL2026-015-229,BL-2026-015,1220,45058.0,32112.0,1220.0,6.0,0.0,-90.0,2.0,4.0,2.0,0.2242,WASTE,0
BL2026-015-229,BL-2026-015,1220,45058.0,32112.0,1220.0,6.0,0.0,-90.0,4.0,6.0,2.0,0.2047,WASTE,0
BL2026-015-230,BL-2026-015,1220,45058.0,32118.0,1220.0,6.0,0.0,-90.0,0.0,2.0,2.0,0.1046,WASTE,0
BL2026-015-230,BL-2026-015,1220,45058.0,32118.0,1220.0,6.0,0.0,-90.0,2.0,4.0,2.0,0.2293,WASTE,0
BL2026-015-230,BL-2026-015,1220,45058.0,32118.0,1220.0,6.0,0.0,-90.0,4.0,6.0,2.0,0.1585,WASTE,0
BL2026-015-231,BL-2026-015,1220,45058.0,32124.0,1220.0,6.0,0.0,-90.0,0.0,2.0,2.0,0.1144,WASTE,0
BL2026-015-231,BL-2026-015,1220,45058.0,32124.0,1220.0,6.0,0.0,-90.0,2.0,4.0,2.0,0.0449,WASTE,0
BL2026-015-231,BL-2026-015,1220,45058.0,32124.0,1220.0,6.0,0.0,-90.0,4.0,6.0,2.0,0.0505,WASTE,0
BL2026-015-232,BL-2026-015,1220,45058.0,32130.0,1220.0,6.0,0.0,-90.0,0.0,2.0,2.0,0.0777,WASTE,0
BL2026-015-232,BL-2026-015,1220,45058.0,32130.0,1220.0,6.0,0.0,-90.0,2.0,4.0,2.0,0.1343,WASTE,0
BL2026-015-232,BL-2026-015,1220,45058.0,32130.0,1220.0,6.0,0.0,-90.0,4.0,6.0,2.0,0.1222,WASTE,0
BL2026-015-233,BL-2026-015,1220,45058.0,32136.0,1220.0,6.0,0.0,-90.0,0.0,2.0,2.0,0.1719,WASTE,0
BL2026-015-233,BL-2026-015,1220,45058.0,32136.0,1220.0,6.0,0.0,-90.0,2.0,4.0,2.0,0.269,WASTE,0
BL2026-015-233,BL-2026-015,1220,45058.0,32136.0,1220.0,6.0,0.0,-90.0,4.0,6.0,2.0,0.1461,WASTE,0
BL2026-015-234,BL-2026-015,1220,45058.0,32142.0,1220.0,6.0,0.0,-90.0,0.0,2.0,2.0,0.8887,LOW_ORE,0
BL2026-015-234,BL-2026-015,1220,45058.0,32142.0,1220.0,6.0,0.0,-90.0,2.0,4.0,2.0,0.9503,LOW_ORE,0
BL2026-015-234,BL-2026-015,1220,45058.0,32142.0,1220.0,6.0,0.0,-90.0,4.0,6.0,2.0,0.8913,LOW_ORE,0
BL2026-015-235,BL-2026-015,1220,45058.0,32148.0,1220.0,6.0,0.0,-90.0,0.0,2.0,2.0,1.5895,ORE,0
BL2026-015-235,BL-2026-015,1220,45058.0,32148.0,1220.0,6.0,0.0,-90.0,2.0,4.0,2.0,1.5893,ORE,0
BL2026-015-235,BL-2026-015,1220,45058.0,32148.0,1220.0,6.0,0.0,-90.0,4.0,6.0,2.0,1.5415,ORE,0
BL2026-015-236,BL-2026-015,1220,45058.0,32154.0,1220.0,6.0,0.0,-90.0,0.0,2.0,2.0,1.9347,ORE,0
BL2026-015-236,BL-2026-015,1220,45058.0,32154.0,1220.0,6.0,0.0,-90.0,2.0,4.0,2.0,2.0339,ORE,0
BL2026-015-236,BL-2026-015,1220,45058.0,32154.0,1220.0,6.0,0.0,-90.0,4.0,6.0,2.0,2.0176,ORE,0
BL2026-015-237,BL-2026-015,1220,45058.0,32160.0,1220.0,6.0,0.0,-90.0,0.0,2.0,2.0,1.2311,ORE,0
BL2026-015-237,BL-2026-015,1220,45058.0,32160.0,1220.0,6.0,0.0,-90.0,2.0,4.0,2.0,1.2112,ORE,0
BL2026-015-237,BL-2026-015,1220,45058.0,32160.0,1220.0,6.0,0.0,-90.0,4.0,6.0,2.0,1.2518,ORE,0
BL2026-015-238,BL-2026-015,1220,45058.0,32166.0,1220.0,6.0,0.0,-90.0,0.0,2.0,2.0,0.1675,WASTE,0
BL2026-015-238,BL-2026-015,1220,45058.0,32166.0,1220.0,6.0,0.0,-90.0,2.0,4.0,2.0,0.1445,WASTE,0
BL2026-015-238,BL-2026-015,1220,45058.0,32166.0,1220.0,6.0,0.0,-90.0,4.0,6.0,2.0,0.1032,WASTE,0
BL2026-015-239,BL-2026-015,1220,45064.0,32070.0,1220.0,6.0,0.0,-90.0,0.0,2.0,2.0,0.2843,WASTE,0
BL2026-015-239,BL-2026-015,1220,45064.0,32070.0,1220.0,6.0,0.0,-90.0,2.0,4.0,2.0,0.2059,WASTE,0
BL2026-015-239,BL-2026-015,1220,45064.0,32070.0,1220.0,6.0,0.0,-90.0,4.0,6.0,2.0,0.1816,WASTE,0
BL2026-015-240,BL-2026-015,1220,45064.0,32076.0,1220.0,6.0,0.0,-90.0,0.0,2.0,2.0,0.2215,WASTE,0
BL2026-015-240,BL-2026-015,1220,45064.0,32076.0,1220.0,6.0,0.0,-90.0,2.0,4.0,2.0,0.3157,WASTE,0
BL2026-015-240,BL-2026-015,1220,45064.0,32076.0,1220.0,6.0,0.0,-90.0,4.0,6.0,2.0,0.2665,WASTE,0
BL2026-015-241,BL-2026-015,1220,45064.0,32082.0,1220.0,6.0,0.0,-90.0,0.0,2.0,2.0,0.1758,WASTE,0
BL2026-015-241,BL-2026-015,1220,45064.0,32082.0,1220.0,6.0,0.0,-90.0,2.0,4.0,2.0,0.0937,WASTE,0
BL2026-015-241,BL-2026-015,1220,45064.0,32082.0,1220.0,6.0,0.0,-90.0,4.0,6.0,2.0,0.1514,WASTE,0
BL2026-015-242,BL-2026-015,1220,45064.0,32088.0,1220.0,6.0,0.0,-90.0,0.0,2.0,2.0,0.1834,WASTE,0
BL2026-015-242,BL-2026-015,1220,45064.0,32088.0,1220.0,6.0,0.0,-90.0,2.0,4.0,2.0,0.1196,WASTE,0
BL2026-015-242,BL-2026-015,1220,45064.0,32088.0,1220.0,6.0,0.0,-90.0,4.0,6.0,2.0,0.1584,WASTE,0
BL2026-015-243,BL-2026-015,1220,45064.0,32094.0,1220.0,6.0,0.0,-90.0,0.0,2.0,2.0,0.1486,WASTE,0
BL2026-015-243,BL-2026-015,1220,45064.0,32094.0,1220.0,6.0,0.0,-90.0,2.0,4.0,2.0,0.12,WASTE,0
BL2026-015-243,BL-2026-015,1220,45064.0,32094.0,1220.0,6.0,0.0,-90.0,4.0,6.0,2.0,0.221,WASTE,0
BL2026-015-244,BL-2026-015,1220,45064.0,32100.0,1220.0,6.0,0.0,-90.0,0.0,2.0,2.0,0.2232,WASTE,0
BL2026-015-244,BL-2026-015,1220,45064.0,32100.0,1220.0,6.0,0.0,-90.0,2.0,4.0,2.0,0.1759,WASTE,0
BL2026-015-244,BL-2026-015,1220,45064.0,32100.0,1220.0,6.0,0.0,-90.0,4.0,6.0,2.0,0.2192,WASTE,0
BL2026-015-245,BL-2026-015,1220,45064.0,32106.0,1220.0,6.0,0.0,-90.0,0.0,2.0,2.0,0.0334,WASTE,0
BL2026-015-245,BL-2026-015,1220,45064.0,32106.0,1220.0,6.0,0.0,-90.0,2.0,4.0,2.0,0.1079,WASTE,0
BL2026-015-245,BL-2026-015,1220,45064.0,32106.0,1220.0,6.0,0.0,-90.0,4.0,6.0,2.0,0.0084,WASTE,0
BL2026-015-246,BL-2026-015,1220,45064.0,32112.0,1220.0,6.0,0.0,-90.0,0.0,2.0,2.0,0.1206,WASTE,0
BL2026-015-246,BL-2026-015,1220,45064.0,32112.0,1220.0,6.0,0.0,-90.0,2.0,4.0,2.0,0.0902,WASTE,0
BL2026-015-246,BL-2026-015,1220,45064.0,32112.0,1220.0,6.0,0.0,-90.0,4.0,6.0,2.0,0.1222,WASTE,0
BL2026-015-247,BL-2026-015,1220,45064.0,32118.0,1220.0,6.0,0.0,-90.0,0.0,2.0,2.0,0.1364,WASTE,0
BL2026-015-247,BL-2026-015,1220,45064.0,32118.0,1220.0,6.0,0.0,-90.0,2.0,4.0,2.0,0.2242,WASTE,0
BL2026-015-247,BL-2026-015,1220,45064.0,32118.0,1220.0,6.0,0.0,-90.0,4.0,6.0,2.0,0.1515,WASTE,0
BL2026-015-248,BL-2026-015,1220,45064.0,32124.0,1220.0,6.0,0.0,-90.0,0.0,2.0,2.0,0.0395,WASTE,0
BL2026-015-248,BL-2026-015,1220,45064.0,32124.0,1220.0,6.0,0.0,-90.0,2.0,4.0,2.0,0.0993,WASTE,0
BL2026-015-248,BL-2026-015,1220,45064.0,32124.0,1220.0,6.0,0.0,-90.0,4.0,6.0,2.0,0.1913,WASTE,0
BL2026-015-249,BL-2026-015,1220,45064.0,32130.0,1220.0,6.0,0.0,-90.0,0.0,2.0,2.0,0.1049,WASTE,0
BL2026-015-249,BL-2026-015,1220,45064.0,32130.0,1220.0,6.0,0.0,-90.0,2.0,4.0,2.0,0.1382,WASTE,0
BL2026-015-249,BL-2026-015,1220,45064.0,32130.0,1220.0,6.0,0.0,-90.0,4.0,6.0,2.0,0.1516,WASTE,0
BL2026-015-250,BL-2026-015,1220,45064.0,32136.0,1220.0,6.0,0.0,-90.0,0.0,2.0,2.0,0.1534,WASTE,0
BL2026-015-250,BL-2026-015,1220,45064.0,32136.0,1220.0,6.0,0.0,-90.0,2.0,4.0,2.0,0.155,WASTE,0
BL2026-015-250,BL-2026-015,1220,45064.0,32136.0,1220.0,6.0,0.0,-90.0,4.0,6.0,2.0,0.0591,WASTE,0
BL2026-015-251,BL-2026-015,1220,45064.0,32142.0,1220.0,6.0,0.0,-90.0,0.0,2.0,2.0,0.1283,WASTE,0
BL2026-015-251,BL-2026-015,1220,45064.0,32142.0,1220.0,6.0,0.0,-90.0,2.0,4.0,2.0,0.0914,WASTE,0
BL2026-015-251,BL-2026-015,1220,45064.0,32142.0,1220.0,6.0,0.0,-90.0,4.0,6.0,2.0,0.1622,WASTE,0
BL2026-015-252,BL-2026-015,1220,45064.0,32148.0,1220.0,6.0,0.0,-90.0,0.0,2.0,2.0,1.2347,ORE,0
BL2026-015-252,BL-2026-015,1220,45064.0,32148.0,1220.0,6.0,0.0,-90.0,2.0,4.0,2.0,1.2597,ORE,0
BL2026-015-252,BL-2026-015,1220,45064.0,32148.0,1220.0,6.0,0.0,-90.0,4.0,6.0,2.0,1.2733,ORE,0
BL2026-015-253,BL-2026-015,1220,45064.0,32154.0,1220.0,6.0,0.0,-90.0,0.0,2.0,2.0,1.3895,ORE,0
BL2026-015-253,BL-2026-015,1220,45064.0,32154.0,1220.0,6.0,0.0,-90.0,2.0,4.0,2.0,1.3983,ORE,0
BL2026-015-253,BL-2026-015,1220,45064.0,32154.0,1220.0,6.0,0.0,-90.0,4.0,6.0,2.0,1.3509,ORE,0
BL2026-015-254,BL-2026-015,1220,45064.0,32160.0,1220.0,6.0,0.0,-90.0,0.0,2.0,2.0,0.8064,LOW_ORE,0
BL2026-015-254,BL-2026-015,1220,45064.0,32160.0,1220.0,6.0,0.0,-90.0,2.0,4.0,2.0,0.8825,LOW_ORE,0
BL2026-015-254,BL-2026-015,1220,45064.0,32160.0,1220.0,6.0,0.0,-90.0,4.0,6.0,2.0,0.8912,LOW_ORE,0
BL2026-015-255,BL-2026-015,1220,45064.0,32166.0,1220.0,6.0,0.0,-90.0,0.0,2.0,2.0,0.1657,WASTE,0
BL2026-015-255,BL-2026-015,1220,45064.0,32166.0,1220.0,6.0,0.0,-90.0,2.0,4.0,2.0,0.1929,WASTE,0
BL2026-015-255,BL-2026-015,1220,45064.0,32166.0,1220.0,6.0,0.0,-90.0,4.0,6.0,2.0,0.2063,WASTE,0
BL2026-015-256,BL-2026-015,1220,45070.0,32070.0,1220.0,6.0,0.0,-90.0,0.0,2.0,2.0,0.1918,WASTE,0
BL2026-015-256,BL-2026-015,1220,45070.0,32070.0,1220.0,6.0,0.0,-90.0,2.0,4.0,2.0,0.1568,WASTE,0
BL2026-015-256,BL-2026-015,1220,45070.0,32070.0,1220.0,6.0,0.0,-90.0,4.0,6.0,2.0,0.1912,WASTE,0
BL2026-015-257,BL-2026-015,1220,45070.0,32076.0,1220.0,6.0,0.0,-90.0,0.0,2.0,2.0,0.1424,WASTE,0
BL2026-015-257,BL-2026-015,1220,45070.0,32076.0,1220.0,6.0,0.0,-90.0,2.0,4.0,2.0,0.2849,WASTE,0
BL2026-015-257,BL-2026-015,1220,45070.0,32076.0,1220.0,6.0,0.0,-90.0,4.0,6.0,2.0,0.2637,WASTE,0
BL2026-015-258,BL-2026-015,1220,45070.0,32082.0,1220.0,6.0,0.0,-90.0,0.0,2.0,2.0,1.8831,ORE,0
BL2026-015-258,BL-2026-015,1220,45070.0,32082.0,1220.0,6.0,0.0,-90.0,2.0,4.0,2.0,2.0094,ORE,0
BL2026-015-258,BL-2026-015,1220,45070.0,32082.0,1220.0,6.0,0.0,-90.0,4.0,6.0,2.0,2.0067,ORE,0
BL2026-015-259,BL-2026-015,1220,45070.0,32088.0,1220.0,6.0,0.0,-90.0,0.0,2.0,2.0,0.1022,WASTE,0
BL2026-015-259,BL-2026-015,1220,45070.0,32088.0,1220.0,6.0,0.0,-90.0,2.0,4.0,2.0,0.151,WASTE,0
BL2026-015-259,BL-2026-015,1220,45070.0,32088.0,1220.0,6.0,0.0,-90.0,4.0,6.0,2.0,0.1249,WASTE,0
BL2026-015-260,BL-2026-015,1220,45070.0,32094.0,1220.0,6.0,0.0,-90.0,0.0,2.0,2.0,0.1966,WASTE,0
BL2026-015-260,BL-2026-015,1220,45070.0,32094.0,1220.0,6.0,0.0,-90.0,2.0,4.0,2.0,0.2714,WASTE,0
BL2026-015-260,BL-2026-015,1220,45070.0,32094.0,1220.0,6.0,0.0,-90.0,4.0,6.0,2.0,0.2585,WASTE,0
BL2026-015-261,BL-2026-015,1220,45070.0,32100.0,1220.0,6.0,0.0,-90.0,0.0,2.0,2.0,0.1955,WASTE,0
BL2026-015-261,BL-2026-015,1220,45070.0,32100.0,1220.0,6.0,0.0,-90.0,2.0,4.0,2.0,0.0657,WASTE,0
BL2026-015-261,BL-2026-015,1220,45070.0,32100.0,1220.0,6.0,0.0,-90.0,4.0,6.0,2.0,0.0,WASTE,0
BL2026-015-262,BL-2026-015,1220,45070.0,32106.0,1220.0,6.0,0.0,-90.0,0.0,2.0,2.0,0.0897,WASTE,0
BL2026-015-262,BL-2026-015,1220,45070.0,32106.0,1220.0,6.0,0.0,-90.0,2.0,4.0,2.0,0.1277,WASTE,0
BL2026-015-262,BL-2026-015,1220,45070.0,32106.0,1220.0,6.0,0.0,-90.0,4.0,6.0,2.0,0.1411,WASTE,0
BL2026-015-263,BL-2026-015,1220,45070.0,32112.0,1220.0,6.0,0.0,-90.0,0.0,2.0,2.0,0.2222,WASTE,0
BL2026-015-263,BL-2026-015,1220,45070.0,32112.0,1220.0,6.0,0.0,-90.0,2.0,4.0,2.0,0.2045,WASTE,0
BL2026-015-263,BL-2026-015,1220,45070.0,32112.0,1220.0,6.0,0.0,-90.0,4.0,6.0,2.0,0.1326,WASTE,0
BL2026-015-264,BL-2026-015,1220,45070.0,32118.0,1220.0,6.0,0.0,-90.0,0.0,2.0,2.0,0.1564,WASTE,0
BL2026-015-264,BL-2026-015,1220,45070.0,32118.0,1220.0,6.0,0.0,-90.0,2.0,4.0,2.0,0.0897,WASTE,0
BL2026-015-264,BL-2026-015,1220,45070.0,32118.0,1220.0,6.0,0.0,-90.0,4.0,6.0,2.0,0.1137,WASTE,0
BL2026-015-265,BL-2026-015,1220,45070.0,32124.0,1220.0,6.0,0.0,-90.0,0.0,2.0,2.0,0.0769,WASTE,0
BL2026-015-265,BL-2026-015,1220,45070.0,32124.0,1220.0,6.0,0.0,-90.0,2.0,4.0,2.0,0.0595,WASTE,0
BL2026-015-265,BL-2026-015,1220,45070.0,32124.0,1220.0,6.0,0.0,-90.0,4.0,6.0,2.0,0.167,WASTE,0
BL2026-015-266,BL-2026-015,1220,45070.0,32130.0,1220.0,6.0,0.0,-90.0,0.0,2.0,2.0,0.196,WASTE,0
BL2026-015-266,BL-2026-015,1220,45070.0,32130.0,1220.0,6.0,0.0,-90.0,2.0,4.0,2.0,0.1842,WASTE,0
BL2026-015-266,BL-2026-015,1220,45070.0,32130.0,1220.0,6.0,0.0,-90.0,4.0,6.0,2.0,0.2435,WASTE,0
BL2026-015-267,BL-2026-015,1220,45070.0,32136.0,1220.0,6.0,0.0,-90.0,0.0,2.0,2.0,0.2042,WASTE,0
BL2026-015-267,BL-2026-015,1220,45070.0,32136.0,1220.0,6.0,0.0,-90.0,2.0,4.0,2.0,0.1938,WASTE,0
BL2026-015-267,BL-2026-015,1220,45070.0,32136.0,1220.0,6.0,0.0,-90.0,4.0,6.0,2.0,0.1357,WASTE,0
BL2026-015-268,BL-2026-015,1220,45070.0,32142.0,1220.0,6.0,0.0,-90.0,0.0,2.0,2.0,0.12,WASTE,0
BL2026-015-268,BL-2026-015,1220,45070.0,32142.0,1220.0,6.0,0.0,-90.0,2.0,4.0,2.0,0.0996,WASTE,0
BL2026-015-268,BL-2026-015,1220,45070.0,32142.0,1220.0,6.0,0.0,-90.0,4.0,6.0,2.0,0.158,WASTE,0
BL2026-015-269,BL-2026-015,1220,45070.0,32148.0,1220.0,6.0,0.0,-90.0,0.0,2.0,2.0,0.2482,WASTE,0
BL2026-015-269,BL-2026-015,1220,45070.0,32148.0,1220.0,6.0,0.0,-90.0,2.0,4.0,2.0,0.2038,WASTE,0
BL2026-015-269,BL-2026-015,1220,45070.0,32148.0,1220.0,6.0,0.0,-90.0,4.0,6.0,2.0,0.2215,WASTE,0
BL2026-015-270,BL-2026-015,1220,45070.0,32154.0,1220.0,6.0,0.0,-90.0,0.0,2.0,2.0,0.2622,WASTE,0
BL2026-015-270,BL-2026-015,1220,45070.0,32154.0,1220.0,6.0,0.0,-90.0,2.0,4.0,2.0,0.2077,WASTE,0
BL2026-015-270,BL-2026-015,1220,45070.0,32154.0,1220.0,6.0,0.0,-90.0,4.0,6.0,2.0,0.1913,WASTE,0
BL2026-015-271,BL-2026-015,1220,45070.0,32160.0,1220.0,6.0,0.0,-90.0,0.0,2.0,2.0,0.0713,WASTE,0
BL2026-015-271,BL-2026-015,1220,45070.0,32160.0,1220.0,6.0,0.0,-90.0,2.0,4.0,2.0,0.0568,WASTE,0
BL2026-015-271,BL-2026-015,1220,45070.0,32160.0,1220.0,6.0,0.0,-90.0,4.0,6.0,2.0,0.0264,WASTE,0
BL2026-015-272,BL-2026-015,1220,45070.0,32166.0,1220.0,6.0,0.0,-90.0,0.0,2.0,2.0,0.1633,WASTE,0
BL2026-015-272,BL-2026-015,1220,45070.0,32166.0,1220.0,6.0,0.0,-90.0,2.0,4.0,2.0,0.1626,WASTE,0
BL2026-015-272,BL-2026-015,1220,45070.0,32166.0,1220.0,6.0,0.0,-90.0,4.0,6.0,2.0,0.126,WASTE,0
BL2026-015-273,BL-2026-015,1220,45076.0,32070.0,1220.0,6.0,0.0,-90.0,0.0,2.0,2.0,0.1037,WASTE,0
BL2026-015-273,BL-2026-015,1220,45076.0,32070.0,1220.0,6.0,0.0,-90.0,2.0,4.0,2.0,0.1424,WASTE,0
BL2026-015-273,BL-2026-015,1220,45076.0,32070.0,1220.0,6.0,0.0,-90.0,4.0,6.0,2.0,0.0695,WASTE,0
BL2026-015-274,BL-2026-015,1220,45076.0,32076.0,1220.0,6.0,0.0,-90.0,0.0,2.0,2.0,0.1802,WASTE,0
BL2026-015-274,BL-2026-015,1220,45076.0,32076.0,1220.0,6.0,0.0,-90.0,2.0,4.0,2.0,0.1457,WASTE,0
BL2026-015-274,BL-2026-015,1220,45076.0,32076.0,1220.0,6.0,0.0,-90.0,4.0,6.0,2.0,0.2029,WASTE,0
BL2026-015-275,BL-2026-015,1220,45076.0,32082.0,1220.0,6.0,0.0,-90.0,0.0,2.0,2.0,0.1837,WASTE,0
BL2026-015-275,BL-2026-015,1220,45076.0,32082.0,1220.0,6.0,0.0,-90.0,2.0,4.0,2.0,0.1425,WASTE,0
BL2026-015-275,BL-2026-015,1220,45076.0,32082.0,1220.0,6.0,0.0,-90.0,4.0,6.0,2.0,0.1768,WASTE,0
BL2026-015-276,BL-2026-015,1220,45076.0,32088.0,1220.0,6.0,0.0,-90.0,0.0,2.0,2.0,0.1865,WASTE,0
BL2026-015-276,BL-2026-015,1220,45076.0,32088.0,1220.0,6.0,0.0,-90.0,2.0,4.0,2.0,0.2287,WASTE,0
BL2026-015-276,BL-2026-015,1220,45076.0,32088.0,1220.0,6.0,0.0,-90.0,4.0,6.0,2.0,0.2144,WASTE,0
BL2026-015-277,BL-2026-015,1220,45076.0,32094.0,1220.0,6.0,0.0,-90.0,0.0,2.0,2.0,0.1077,WASTE,0
BL2026-015-277,BL-2026-015,1220,45076.0,32094.0,1220.0,6.0,0.0,-90.0,2.0,4.0,2.0,0.1555,WASTE,0
BL2026-015-277,BL-2026-015,1220,45076.0,32094.0,1220.0,6.0,0.0,-90.0,4.0,6.0,2.0,0.1843,WASTE,0
BL2026-015-278,BL-2026-015,1220,45076.0,32100.0,1220.0,6.0,0.0,-90.0,0.0,2.0,2.0,0.0367,WASTE,0
BL2026-015-278,BL-2026-015,1220,45076.0,32100.0,1220.0,6.0,0.0,-90.0,2.0,4.0,2.0,0.0681,WASTE,0
BL2026-015-278,BL-2026-015,1220,45076.0,32100.0,1220.0,6.0,0.0,-90.0,4.0,6.0,2.0,0.0495,WASTE,0
BL2026-015-279,BL-2026-015,1220,45076.0,32106.0,1220.0,6.0,0.0,-90.0,0.0,2.0,2.0,0.1979,WASTE,0
BL2026-015-279,BL-2026-015,1220,45076.0,32106.0,1220.0,6.0,0.0,-90.0,2.0,4.0,2.0,0.1608,WASTE,0
BL2026-015-279,BL-2026-015,1220,45076.0,32106.0,1220.0,6.0,0.0,-90.0,4.0,6.0,2.0,0.1437,WASTE,0
BL2026-015-280,BL-2026-015,1220,45076.0,32112.0,1220.0,6.0,0.0,-90.0,0.0,2.0,2.0,0.1276,WASTE,0
BL2026-015-280,BL-2026-015,1220,45076.0,32112.0,1220.0,6.0,0.0,-90.0,2.0,4.0,2.0,0.1521,WASTE,0
BL2026-015-280,BL-2026-015,1220,45076.0,32112.0,1220.0,6.0,0.0,-90.0,4.0,6.0,2.0,0.097,WASTE,0
BL2026-015-281,BL-2026-015,1220,45076.0,32118.0,1220.0,6.0,0.0,-90.0,0.0,2.0,2.0,0.2426,WASTE,0
BL2026-015-281,BL-2026-015,1220,45076.0,32118.0,1220.0,6.0,0.0,-90.0,2.0,4.0,2.0,0.1994,WASTE,0
BL2026-015-281,BL-2026-015,1220,45076.0,32118.0,1220.0,6.0,0.0,-90.0,4.0,6.0,2.0,0.2227,WASTE,0
BL2026-015-282,BL-2026-015,1220,45076.0,32124.0,1220.0,6.0,0.0,-90.0,0.0,2.0,2.0,0.1496,WASTE,0
BL2026-015-282,BL-2026-015,1220,45076.0,32124.0,1220.0,6.0,0.0,-90.0,2.0,4.0,2.0,0.1298,WASTE,0
BL2026-015-282,BL-2026-015,1220,45076.0,32124.0,1220.0,6.0,0.0,-90.0,4.0,6.0,2.0,0.1248,WASTE,0
BL2026-015-283,BL-2026-015,1220,45076.0,32130.0,1220.0,6.0,0.0,-90.0,0.0,2.0,2.0,0.004,WASTE,0
BL2026-015-283,BL-2026-015,1220,45076.0,32130.0,1220.0,6.0,0.0,-90.0,2.0,4.0,2.0,0.0794,WASTE,0
BL2026-015-283,BL-2026-015,1220,45076.0,32130.0,1220.0,6.0,0.0,-90.0,4.0,6.0,2.0,0.0867,WASTE,0
BL2026-015-284,BL-2026-015,1220,45076.0,32136.0,1220.0,6.0,0.0,-90.0,0.0,2.0,2.0,0.3539,WASTE,0
BL2026-015-284,BL-2026-015,1220,45076.0,32136.0,1220.0,6.0,0.0,-90.0,2.0,4.0,2.0,0.2219,WASTE,0
BL2026-015-284,BL-2026-015,1220,45076.0,32136.0,1220.0,6.0,0.0,-90.0,4.0,6.0,2.0,0.2541,WASTE,0
BL2026-015-285,BL-2026-015,1220,45076.0,32142.0,1220.0,6.0,0.0,-90.0,0.0,2.0,2.0,0.0876,WASTE,0
BL2026-015-285,BL-2026-015,1220,45076.0,32142.0,1220.0,6.0,0.0,-90.0,2.0,4.0,2.0,0.0541,WASTE,0
BL2026-015-285,BL-2026-015,1220,45076.0,32142.0,1220.0,6.0,0.0,-90.0,4.0,6.0,2.0,0.0053,WASTE,0
BL2026-015-286,BL-2026-015,1220,45076.0,32148.0,1220.0,6.0,0.0,-90.0,0.0,2.0,2.0,0.0861,WASTE,0
BL2026-015-286,BL-2026-015,1220,45076.0,32148.0,1220.0,6.0,0.0,-90.0,2.0,4.0,2.0,0.1946,WASTE,0
BL2026-015-286,BL-2026-015,1220,45076.0,32148.0,1220.0,6.0,0.0,-90.0,4.0,6.0,2.0,0.1792,WASTE,0
BL2026-015-287,BL-2026-015,1220,45076.0,32154.0,1220.0,6.0,0.0,-90.0,0.0,2.0,2.0,0.2073,WASTE,0
BL2026-015-287,BL-2026-015,1220,45076.0,32154.0,1220.0,6.0,0.0,-90.0,2.0,4.0,2.0,0.2254,WASTE,0
BL2026-015-287,BL-2026-015,1220,45076.0,32154.0,1220.0,6.0,0.0,-90.0,4.0,6.0,2.0,0.1593,WASTE,0
BL2026-015-288,BL-2026-015,1220,45076.0,32160.0,1220.0,6.0,0.0,-90.0,0.0,2.0,2.0,0.0771,WASTE,0
BL2026-015-288,BL-2026-015,1220,45076.0,32160.0,1220.0,6.0,0.0,-90.0,2.0,4.0,2.0,0.0822,WASTE,0
BL2026-015-288,BL-2026-015,1220,45076.0,32160.0,1220.0,6.0,0.0,-90.0,4.0,6.0,2.0,0.1512,WASTE,0
BL2026-015-289,BL-2026-015,1220,45076.0,32166.0,1220.0,6.0,0.0,-90.0,0.0,2.0,2.0,0.2209,WASTE,0
BL2026-015-289,BL-2026-015,1220,45076.0,32166.0,1220.0,6.0,0.0,-90.0,2.0,4.0,2.0,0.2187,WASTE,0
BL2026-015-289,BL-2026-015,1220,45076.0,32166.0,1220.0,6.0,0.0,-90.0,4.0,6.0,2.0,0.2404,WASTE,0
